Code,Company,Company name,Category,Market,EPS,NTA,PE,DY,ROE,Market capital
0141,WINTONI,WINTONI GROUP BERHAD,Technology,Ace Market,1.03,0.000,3.39,0.00,"10,321.00",17.96
6947,DIGI,DIGI.COM BERHAD,Telecommunications & Media,Main Market,15.70,0.080,24.20,4.79,196.30,29545.00
0155,MGRC,MALAYSIAN GENOMICS RESOURCE CENTRE BERHAD,Health Care,Ace Market,15.75,0.091,7.68,18.18,172.86,125.25
2836,CARLSBG,CARLSBERG BREWERY MALAYSIA BERHAD,Consumer Products & Services,Main Market,63.20,0.460,35.47,4.46,137.39,6854.87
4707,NESTLE,NESTLE (MALAYSIA) BERHAD,Consumer Products & Services,Main Market,235.41,2.530,58.15,2.05,93.05,32103.05
5835,DOLMITE,DOLOMITE CORPORATION BERHAD,Industrial Products & Services,Main Market,9.63,0.130,1.04,0.00,74.05,41.34
7113,TOPGLOV,TOP GLOVE CORPORATION BHD,Health Care,Main Market,50.37,0.690,12.25,4.05,73.00,50608.00
7106,SUPERMX,SUPERMAX CORPORATION BERHAD,Health Care,Main Market,85.26,1.260,7.12,0.63,67.67,16514.16
4162,BAT,BRITISH AMERICAN TOBACCO (MALAYSIA) BERHAD,Consumer Products & Services,Main Market,84.70,1.310,15.92,6.16,64.66,3848.94
3255,HEIM,HEINEKEN MALAYSIA BERHAD,Consumer Products & Services,Main Market,63.29,0.980,37.10,4.60,64.58,7093.26
6399,ASTRO,ASTRO MALAYSIA HOLDINGS BERHAD,Telecommunications & Media,Main Market,9.80,0.192,9.49,8.06,50.93,4849.49
3026,DLADY,DUTCH LADY MILK INDUSTRIES BERHAD,Consumer Products & Services,Main Market,124.80,2.690,27.93,2.29,46.40,2231.04
5168,HARTA,HARTALEGA HOLDINGS BERHAD,Health Care,Main Market,54.90,1.220,22.69,0.62,45.00,42707.98
0163,CAREPLS,CAREPLUS GROUP BERHAD,Health Care,Ace Market,14.72,0.346,14.47,0.23,42.57,1171.67
1818,BURSA,BURSA MALAYSIA BERHAD,Financial Services,Main Market,46.69,1.110,19.85,5.50,42.06,7499.68
7100,UCHITEC,UCHI TECHNOLOGIES BERHAD,Industrial Products & Services,Main Market,15.70,0.390,19.56,5.21,40.25,1392.62
5250,SEM,7-ELEVEN MALAYSIA HOLDINGS BERHAD,Consumer Products & Services,Main Market,2.97,0.074,44.73,1.73,40.01,1640.40
1724,PARAMON,PARAMOUNT CORPORATION BERHAD,Property,Main Market,84.98,2.310,1.00,0.00,36.79,522.28
5105,CANONE,CAN-ONE BERHAD,Industrial Products & Services,Main Market,330.49,9.160,0.86,2.12,36.08,543.79
2127,COMFORT,COMFORT GLOVES BERHAD,Industrial Products & Services,Main Market,27.40,0.770,10.04,0.55,35.58,1603.11
0150,FINTEC,FINTEC GLOBAL BERHAD,Financial Services,Ace Market,32.01,0.918,0.25,0.00,34.88,250.45
9792,SEG,SEG INTERNATIONAL BHD,Consumer Products & Services,Main Market,3.25,0.095,18.76,4.10,34.20,771.38
7501,HARNLEN,HARN LEN CORPORATION BHD,Plantation,Main Market,49.41,1.650,1.39,14.60,29.95,132.67
5292,UWC,UWC BERHAD,Technology,Main Market,12.41,0.430,114.14,0.14,28.85,7790.83
0138,MYEG,MY E.G. SERVICES BERHAD,Technology,Main Market,7.13,0.247,30.70,1.14,28.83,8041.53
5136,COMPLET,COMPLETE LOGISTIC SERVICES BERHAD,Transportation & Logistics,Main Market,34.74,1.260,2.22,20.78,27.57,98.06
5024,HUPSENG,HUP SENG INDUSTRIES BERHAD,Consumer Products & Services,Main Market,4.80,0.180,19.67,6.35,26.69,756.00
7231,WELLCAL,WELLCALL HOLDINGS BERHAD,Industrial Products & Services,Main Market,5.90,0.243,19.00,4.42,24.26,557.70
6351,AMWAY,AMWAY (MALAYSIA) HOLDINGS BERHAD,Consumer Products & Services,Main Market,32.89,1.390,17.33,4.82,23.66,937.00
7181,ARBB,ARB BERHAD,Technology,Main Market,9.33,0.400,3.64,0.00,23.34,158.31
5246,WPRTS,WESTPORTS HOLDINGS BERHAD,Transportation & Logistics,Main Market,19.19,0.830,22.98,2.61,23.13,15038.10
0106,REXIT,REXIT BERHAD,Technology,Ace Market,5.28,0.230,18.95,4.00,22.95,189.33
5614,ILB,INTEGRATED LOGISTICS BHD,Transportation & Logistics,Main Market,25.07,1.118,2.31,0.00,22.43,113.12
6139,TAKAFUL,SYARIKAT TAKAFUL MALAYSIA KELUARGA BERHAD,Financial Services,Main Market,40.25,1.810,10.81,2.76,22.24,3613.91
0126,MICROLN,MICROLINK SOLUTIONS BERHAD,Technology,Ace Market,5.51,0.250,46.11,0.39,22.03,612.67
5296,MRDIY,MR D.I.Y. GROUP (M) BERHAD,Consumer Products & Services,Main Market,7.23,0.085,45.78,0.22,21.19,20775.55
7233,DUFU,DUFU TECHNOLOGY CORP. BERHAD,Industrial Products & Services,Main Market,9.72,0.460,44.97,0.92,21.12,2338.68
0099,SCICOM,SCICOM (MSC) BERHAD,Industrial Products & Services,Main Market,6.30,0.300,17.93,4.42,21.01,401.66
5151,HEXTAR,HEXTAR GLOBAL BERHAD,Industrial Products & Services,Main Market,4.97,0.240,20.32,3.17,20.71,828.89
0186,PTRANS,PERAK TRANSIT BERHAD,Consumer Products & Services,Main Market,6.27,0.311,13.24,3.61,20.14,535.46
0198,GDB,GDB HOLDINGS BERHAD,Construction,Main Market,4.02,0.200,22.02,2.26,20.10,553.13
6012,MAXIS,MAXIS BERHAD,Telecommunications & Media,Main Market,18.16,0.910,27.09,4.07,19.96,38489.34
5209,GASMSIA,GAS MALAYSIA BERHAD,Utilities,Main Market,15.68,0.787,16.65,5.40,19.93,3351.24
6645,LITRAK,LINGKARAN TRANS KOTA HOLDINGS BERHAD,Transportation & Logistics,Main Market,41.84,2.114,9.32,6.41,19.79,2077.98
7089,LIIHEN,LII HEN INDUSTRIES BHD.,Consumer Products & Services,Main Market,44.05,2.270,9.06,5.01,19.41,718.20
6874,KUB,KUB MALAYSIA BERHAD,Industrial Products & Services,Main Market,13.23,0.690,4.42,0.00,19.17,325.53
8125,DAIBOCI,DAIBOCHI BERHAD,Industrial Products & Services,Main Market,15.09,0.810,17.23,1.92,18.63,852.60
5102,GCB,GUAN CHONG BERHAD,Consumer Products & Services,Main Market,21.33,1.146,12.28,1.72,18.62,2709.89
0040,OPENSYS,OPENSYS (M) BERHAD,Technology,Ace Market,2.77,0.150,19.12,1.73,18.48,236.82
0128,FRONTKN,FRONTKEN CORPORATION BERHAD,Technology,Main Market,7.30,0.400,67.28,0.51,18.24,5172.37
0213,MTAG,MTAG GROUP BERHAD,Industrial Products & Services,Ace Market,5.06,0.280,17.99,3.30,18.07,620.27
1562,BJTOTO,BERJAYA SPORTS TOTO BERHAD,Consumer Products & Services,Main Market,10.00,0.570,20.89,3.79,17.55,2823.65
5216,DSONIC,DATASONIC GROUP BERHAD,Technology,Main Market,1.66,0.095,30.47,2.97,17.43,1363.50
5147,SAMCHEM,SAMCHEM HOLDINGS BERHAD,Industrial Products & Services,Main Market,10.84,0.630,12.73,2.90,17.21,375.36
7087,MAGNI,MAGNI-TECH INDUSTRIES BERHAD,Consumer Products & Services,Main Market,25.12,1.480,8.72,4.30,16.97,950.35
0097,VITROX,VITROX CORPORATION BERHAD,Technology,Main Market,19.38,1.155,91.44,0.24,16.78,8365.90
7293,YINSON,YINSON HOLDINGS BERHAD,Energy,Main Market,28.44,1.700,18.46,1.14,16.73,5772.65
5163,SEB,SEREMBAN ENGINEERING BERHAD,Industrial Products & Services,Main Market,4.68,0.280,14.22,0.00,16.70,53.20
7237,PWROOT,POWER ROOT BERHAD,Consumer Products & Services,Main Market,10.60,0.640,17.55,6.72,16.56,788.70
7022,GTRONIC,GLOBETRONICS TECHNOLOGY BERHAD,Technology,Main Market,7.24,0.440,45.01,2.30,16.46,2182.39
0221,TCS,TCS GROUP HOLDINGS BERHAD,Construction,Ace Market,4.14,0.190,15.35,1.57,16.33,228.60
8621,LPI,LPI CAPITAL BHD,Financial Services,Main Market,84.52,5.187,16.73,5.09,16.29,5633.13
5279,SERBADK,SERBA DINAMIK HOLDINGS BERHAD,Energy,Main Market,15.31,0.940,11.04,3.40,16.28,6298.95
7225,PA,P.A. RESOURCES BERHAD,Industrial Products & Services,Main Market,0.99,0.061,47.74,0.00,16.23,566.85
6033,PETGAS,PETRONAS GAS BERHAD,Utilities,Main Market,100.65,6.310,16.20,5.03,15.95,32253.33
7247,SCGM,SCGM BHD,Industrial Products & Services,Main Market,14.94,0.941,14.19,1.70,15.88,410.43
3069,MFCB,MEGA FIRST CORPORATION BERHAD,Utilities,Main Market,63.02,3.980,12.66,0.75,15.83,3943.52
7153,KOSSAN,KOSSAN RUBBER INDUSTRIES BERHAD,Health Care,Main Market,23.68,1.507,16.89,0.75,15.71,10231.49
0201,NOVA,NOVA WELLNESS GROUP BERHAD,Health Care,Ace Market,4.52,0.290,20.22,1.97,15.60,290.74
9296,RCECAP,RCE CAPITAL BERHAD,Financial Services,Main Market,31.20,2.050,8.85,3.99,15.22,1051.72
5078,M,MARINE & GENERAL BERHAD,Transportation & Logistics,Main Market,1.76,0.116,9.65,0.00,15.19,123.06
0208,GREATEC,GREATECH TECHNOLOGY BERHAD,Technology,Main Market,6.18,0.407,103.46,0.00,15.17,8000.28
9172,FPI,FORMOSA PROSONIC INDUSTRIES BERHAD,Consumer Products & Services,Main Market,19.69,1.300,16.81,3.32,15.15,818.76
2828,CIHLDG,C.I. HOLDINGS BERHAD,Consumer Products & Services,Main Market,22.34,1.500,9.18,4.88,14.89,332.10
7145,AGES,AGESON BERHAD,Construction,Main Market,3.85,0.260,3.51,0.00,14.80,146.11
3689,F,FRASER & NEAVE HOLDINGS BHD,Consumer Products & Services,Main Market,114.19,7.750,26.39,1.99,14.73,11054.70
7062,KHIND,KHIND HOLDINGS BERHAD,Consumer Products & Services,Main Market,56.70,3.860,7.44,2.37,14.69,169.05
5286,MI,MI TECHNOVATION BERHAD,Technology,Main Market,7.77,0.530,65.47,0.72,14.67,3817.50
5295,INNATURE,INNATURE BERHAD,Consumer Products & Services,Main Market,2.89,0.197,18.36,1.89,14.67,374.12
4316,SHCHAN,SIN HENG CHAN (MALAYA) BERHAD,Plantation,Main Market,6.57,0.450,7.38,0.00,14.61,63.96
7160,PENTA,PENTAMASTER CORPORATION BERHAD,Technology,Main Market,10.01,0.685,67.46,0.22,14.60,4808.14
3034,HAPSENG,HAP SENG CONSOLIDATED BERHAD,Industrial Products & Services,Main Market,43.39,3.010,19.04,3.03,14.41,20564.77
5100,BPPLAS,BP PLASTICS HOLDING BHD,Industrial Products & Services,Main Market,15.50,1.080,9.23,4.20,14.35,268.39
5169,HOHUP,HO HUP CONSTRUCTION COMPANY BHD,Construction,Main Market,16.31,1.140,2.48,0.00,14.31,167.02
0011,BTECH,BRITE-TECH BERHAD,Utilities,Ace Market,3.37,0.240,14.10,3.37,14.04,119.70
0166,INARI,INARI AMERTRON BERHAD,Technology,Main Market,5.37,0.384,65.16,1.26,13.97,11604.75
8079,LEESK,LEE SWEE KIAT GROUP BERHAD,Consumer Products & Services,Main Market,4.87,0.350,18.70,2.75,13.90,152.71
0002,KOTRA,KOTRA INDUSTRIES BERHAD,Health Care,Main Market,18.18,1.310,15.62,3.17,13.88,420.13
7152,JAYCORP,JAYCORP BERHAD,Consumer Products & Services,Main Market,17.98,1.310,10.24,5.43,13.72,252.54
2089,UTDPLT,UNITED PLANTATIONS BERHAD,Plantation,Main Market,86.55,6.370,16.50,4.68,13.59,5944.31
0215,SLVEST,SOLARVEST HOLDINGS BERHAD,Industrial Products & Services,Ace Market,2.98,0.220,103.92,0.32,13.56,1310.13
5139,AEONCR,AEON CREDIT SERVICE (M) BERHAD,Financial Services,Main Market,81.72,6.040,14.17,3.13,13.53,2956.46
5236,MATRIX,MATRIX CONCEPTS HOLDINGS BERHAD,Property,Main Market,27.21,2.020,6.47,6.53,13.47,1468.25
7155,SKPRES,SKP RESOURCES BHD,Industrial Products & Services,Main Market,6.91,0.530,35.45,1.20,13.04,3062.96
3719,PANAMY,PANASONIC MANUFACTURING MALAYSIA BERHAD,Consumer Products & Services,Main Market,159.01,12.230,18.98,6.56,13.00,1833.31
5143,LUXCHEM,LUXCHEM CORPORATION BERHAD,Industrial Products & Services,Main Market,4.61,0.360,17.23,2.83,12.82,712.17
5274,HLCAP,HONG LEONG CAPITAL BERHAD,Financial Services,Main Market,46.99,3.690,13.26,3.69,12.74,1538.17
5248,BAUTO,BERMAZ AUTO BERHAD,Consumer Products & Services,Main Market,5.47,0.430,25.24,5.40,12.71,1606.22
7230,TOMEI,TOMEI CONSOLIDATED BERHAD,Consumer Products & Services,Main Market,22.49,1.770,3.85,0.00,12.71,119.89
8176,ATAIMS,ATA IMS BERHAD,Industrial Products & Services,Main Market,7.70,0.610,36.35,0.01,12.63,3372.24
5277,FPGROUP,FOUNDPAC GROUP BERHAD,Industrial Products & Services,Main Market,2.29,0.181,41.48,0.53,12.62,515.21
7047,FAJAR,FAJARBARU BUILDER GROUP BHD,Construction,Main Market,10.82,0.865,4.85,3.33,12.51,196.29
1481,ASB,ADVANCE SYNERGY BERHAD,Consumer Products & Services,Main Market,5.98,0.480,2.42,2.41,12.47,134.73
9466,KKB,KKB ENGINEERING BERHAD,Industrial Products & Services,Main Market,16.48,1.330,9.65,3.77,12.39,409.89
1163,ALLIANZ,ALLIANZ MALAYSIA BERHAD,Financial Services,Main Market,287.97,23.300,4.76,4.74,12.36,2426.91
7167,JOHOTIN,JOHORE TIN BERHAD,Consumer Products & Services,Main Market,14.24,1.160,13.28,3.39,12.27,586.79
6971,KOBAY,KOBAY TECHNOLOGY BERHAD,Industrial Products & Services,Main Market,24.33,1.990,20.67,1.19,12.23,513.53
5263,SUNCON,SUNWAY CONSTRUCTION GROUP BERHAD,Construction,Main Market,5.74,0.470,27.17,4.49,12.21,2016.92
7090,AHEALTH,APEX HEALTHCARE BERHAD,Health Care,Main Market,11.71,0.960,28.62,1.10,12.19,1592.02
5077,MAYBULK,MALAYSIAN BULK CARRIERS BERHAD,Transportation & Logistics,Main Market,4.07,0.334,12.41,0.00,12.19,505.00
5028,HTPADU,HEITECH PADU BERHAD,Technology,Main Market,14.13,1.160,12.53,0.00,12.18,179.17
2658,AJI,AJINOMOTO (MALAYSIA) BERHAD,Consumer Products & Services,Main Market,98.08,8.130,16.07,3.13,12.06,958.19
8923,JIANKUN,JIANKUN INTERNATIONAL BERHAD,Property,Main Market,4.34,0.360,12.32,0.00,12.06,89.97
7277,DIALOG,DIALOG GROUP BERHAD,Energy,Main Market,10.21,0.854,30.96,0.98,11.95,17839.55
5272,RANHILL,RANHILL UTILITIES BERHAD,Utilities,Main Market,6.55,0.550,12.74,5.93,11.91,895.90
7035,CCK,CCK CONSOLIDATED HOLDINGS BERHAD,Consumer Products & Services,Main Market,5.48,0.460,10.32,3.10,11.90,356.36
8869,PMETAL,PRESS METAL ALUMINIUM HOLDINGS BERHAD,Industrial Products & Services,Main Market,11.05,0.930,76.85,0.59,11.88,34283.55
7668,HAIO,HAI-O ENTERPRISE BERHAD,Consumer Products & Services,Main Market,12.58,1.060,17.72,4.48,11.87,669.66
9598,PTARAS,PINTARAS JAYA BHD,Construction,Main Market,23.31,2.020,11.15,3.85,11.54,431.25
5027,KMLOONG,KIM LOONG RESOURCES BERHAD,Plantation,Main Market,9.29,0.820,15.06,5.00,11.33,1309.58
8966,PRLEXUS,PROLEXUS BERHAD,Consumer Products & Services,Main Market,16.76,1.500,5.76,0.00,11.18,177.90
9954,RGTBHD,RGT BERHAD,Industrial Products & Services,Main Market,1.73,0.155,29.15,0.59,11.16,323.43
5436,PERSTIM,PERUSAHAAN SADUR TIMAH MALAYSIA (PERSTIMA) BHD,Industrial Products & Services,Main Market,34.12,3.060,11.46,2.56,11.15,504.77
7205,COCOLND,COCOALAND HOLDINGS BERHAD,Consumer Products & Services,Main Market,12.91,1.160,13.56,4.57,11.13,400.40
5276,DANCO,DANCOMECH HOLDINGS BERHAD,Industrial Products & Services,Main Market,4.87,0.440,13.96,2.57,11.07,210.29
0100,ESCERAM,ES CERAMICS TECHNOLOGY BHD,Industrial Products & Services,Ace Market,1.65,0.150,45.45,0.67,11.00,345.73
0205,DPIH,DPI HOLDINGS BERHAD,Consumer Products & Services,Ace Market,1.76,0.160,16.51,2.24,10.98,141.15
0084,TECFAST,TECHFAST HOLDINGS BERHAD,Industrial Products & Services,Ace Market,1.33,0.122,30.77,2.44,10.92,102.89
6262,INNO,INNOPRISE PLANTATIONS BERHAD,Plantation,Main Market,7.64,0.700,13.35,2.45,10.91,488.43
9822,SAM,SAM ENGINEERING & EQUIPMENT (M) BERHAD,Industrial Products & Services,Main Market,47.17,4.360,15.73,1.99,10.82,1002.94
0151,KGB,KELINGTON GROUP BERHAD,Industrial Products & Services,Main Market,5.38,0.502,48.86,0.76,10.73,848.50
3867,MPI,MALAYSIAN PACIFIC INDUSTRIES BERHAD,Technology,Main Market,81.71,7.640,47.29,0.70,10.70,8109.93
6815,EUPE,EUPE CORPORATION BERHAD,Property,Main Market,31.86,3.000,2.57,1.83,10.62,104.96
7180,SERNKOU,SERN KOU RESOURCES BERHAD,Consumer Products & Services,Main Market,6.85,0.650,29.05,0.00,10.54,521.21
5162,VSTECS,VSTECS BERHAD,Technology,Main Market,19.24,1.830,14.60,1.96,10.52,505.80
5031,TIMECOM,TIME DOTCOM BERHAD,Telecommunications & Media,Main Market,51.15,4.880,27.25,2.08,10.48,8423.41
5084,IBRACO,IBRACO BERHAD,Property,Main Market,8.00,0.770,7.37,0.00,10.39,292.88
4863,TM,TELEKOM MALAYSIA BERHAD,Telecommunications & Media,Main Market,18.70,1.822,35.73,1.02,10.26,25208.32
7088,POHUAT,POH HUAT RESOURCES HOLDINGS BERHAD,Consumer Products & Services,Main Market,18.65,1.820,9.38,4.00,10.25,487.03
2755,FCW,FCW HOLDINGS BERHAD,Consumer Products & Services,Main Market,6.91,0.680,14.62,0.00,10.16,252.49
5258,BIMB,BIMB HOLDINGS BERHAD,Financial Services,Main Market,36.63,3.640,11.08,3.10,10.06,7525.82
0127,JHM,JHM CONSOLIDATION BERHAD,Technology,Main Market,3.78,0.380,66.13,0.80,9.95,1394.00
2283,ZELAN,ZELAN BERHAD,Construction,Main Market,0.60,0.060,15.94,0.00,9.93,80.27
5255,ICON,ICON OFFSHORE BERHAD,Energy,Main Market,1.32,0.133,9.12,0.00,9.92,319.93
5042,TSRCAP,TSR CAPITAL BERHAD,Construction,Main Market,9.78,0.990,2.76,0.00,9.88,47.10
5126,SOP,SARAWAK OIL PALMS BERHAD,Plantation,Main Market,40.65,4.130,9.86,1.25,9.84,2291.01
0220,OVH,OCEAN VANTAGE HOLDINGS BERHAD,Energy,Ace Market,1.57,0.120,23.60,0.00,9.80,152.07
9075,THETA,THETA EDGE BERHAD,Technology,Main Market,6.14,0.630,15.88,0.00,9.75,104.56
7052,PADINI,PADINI HOLDINGS BERHAD,Consumer Products & Services,Main Market,11.59,1.190,24.06,2.69,9.74,1835.57
0210,KHJB,KIM HIN JOO (MALAYSIA) BERHAD,Consumer Products & Services,Ace Market,1.91,0.202,14.13,5.56,9.48,102.60
7029,MASTER,MASTER-PACK GROUP BERHAD,Industrial Products & Services,Main Market,18.96,2.030,10.02,3.16,9.34,103.78
0168,BOILERM,BOILERMECH HOLDINGS BERHAD,Industrial Products & Services,Main Market,3.91,0.420,25.48,1.76,9.30,513.42
7198,DPS,DPS RESOURCES BERHAD,Property,Main Market,2.04,0.220,6.88,0.00,9.25,98.75
0036,KGROUP,KEY ALLIANCE GROUP BERHAD,Technology,Ace Market,1.18,0.128,4.24,0.00,9.24,117.72
7148,DPHARMA,DUOPHARMA BIOTECH BERHAD,Health Care,Main Market,7.71,0.840,44.60,1.74,9.18,2428.73
5135,SWKPLNT,SARAWAK PLANTATION BERHAD,Plantation,Main Market,19.07,2.090,10.85,4.83,9.13,579.60
0157,FOCUSP,FOCUS POINT HOLDINGS BERHAD,Consumer Products & Services,Ace Market,3.01,0.330,27.39,1.62,9.12,272.25
5160,HOMERIZ,HOMERITZ CORPORATION BERHAD,Consumer Products & Services,Main Market,5.53,0.610,11.67,2.33,9.06,266.17
4022,MAXIM,MAXIM GLOBAL BERHAD,Property,Main Market,5.18,0.574,5.70,0.00,9.02,369.68
5029,FAREAST,FAR EAST HOLDINGS BERHAD,Plantation,Main Market,17.57,1.950,15.93,0.89,9.01,1662.75
7803,RUBEREX,RUBBEREX CORPORATION (M) BERHAD,Industrial Products & Services,Main Market,9.09,1.010,15.74,0.23,9.00,1190.15
1082,HLFG,HONG LEONG FINANCIAL GROUP BERHAD,Financial Services,Main Market,170.31,19.010,10.11,2.21,8.96,19760.24
7161,KERJAYA,KERJAYA PROSPEK GROUP BERHAD,Construction,Main Market,7.97,0.890,12.80,3.42,8.96,1266.81
9997,PENSONI,PENSONIC HOLDINGS BERHAD,Consumer Products & Services,Main Market,8.56,0.960,9.23,1.58,8.92,102.44
0188,HLT,HLT GLOBAL BERHAD,Industrial Products & Services,Ace Market,1.24,0.140,87.40,0.00,8.83,666.13
7248,SLP,SLP RESOURCES BERHAD,Industrial Products & Services,Main Market,5.16,0.585,17.44,6.11,8.82,285.26
1155,MAYBANK,MALAYAN BANKING BERHAD,Financial Services,Main Market,64.77,7.409,12.54,7.88,8.74,92681.64
5200,UOADEV,UOA DEVELOPMENT BHD,Property,Main Market,22.07,2.530,7.52,8.43,8.72,3527.34
5006,STELLA,STELLA HOLDINGS BERHAD,Construction,Main Market,6.17,0.710,14.41,2.81,8.70,59.63
0216,SPRING,SPRING ART HOLDINGS BERHAD,Consumer Products & Services,Ace Market,1.47,0.170,32.94,0.00,8.66,201.61
5878,KPJ,KPJ HEALTHCARE BERHAD,Health Care,Main Market,3.81,0.440,24.68,2.13,8.65,4175.64
0193,KAB,KEJURUTERAAN ASASTERA BERHAD,Industrial Products & Services,Main Market,0.69,0.080,230.03,0.25,8.64,1494.51
3301,HLIND,HONG LEONG INDUSTRIES BERHAD,Consumer Products & Services,Main Market,47.81,5.540,17.34,5.07,8.63,2718.32
0001,SCOMNET,SUPERCOMNET TECHNOLOGIES BERHAD,Health Care,Ace Market,2.92,0.340,69.58,0.74,8.59,1375.23
5819,HLBANK,HONG LEONG BANK BERHAD,Financial Services,Main Market,116.94,13.710,15.68,1.96,8.53,39755.95
0012,3A,THREE-A RESOURCES BERHAD,Consumer Products & Services,Main Market,6.38,0.749,12.46,2.77,8.52,391.14
7204,D,D&O GREEN TECHNOLOGIES BERHAD,Technology,Main Market,2.85,0.335,122.77,0.29,8.52,4074.05
0228,HPPHB,HPP HOLDINGS BERHAD,Industrial Products & Services,Ace Market,4.11,0.250,16.67,0.00,8.22,266.07
0065,EFORCE,EXCEL FORCE MSC BERHAD,Technology,Main Market,1.40,0.170,34.05,2.11,8.21,292.30
5032,BIPORT,BINTULU PORT HOLDINGS BERHAD,Transportation & Logistics,Main Market,24.32,2.980,16.61,3.47,8.16,1858.40
5141,DAYANG,DAYANG ENTERPRISE HOLDINGS BERHAD,Energy,Main Market,11.56,1.420,10.73,0.00,8.14,1316.00
0069,VIVOCOM,VIVOCOM INTL HOLDINGS BERHAD,Technology,Ace Market,0.65,0.080,144.49,0.00,8.13,537.92
1066,RHBBANK,RHB BANK BERHAD,Financial Services,Main Market,55.23,6.810,9.89,5.68,8.11,21894.85
0200,REVENUE,REVENUE GROUP BERHAD,Technology,Ace Market,1.53,0.190,129.87,0.00,8.06,864.54
5219,PESTECH,PESTECH INTERNATIONAL BERHAD,Industrial Products & Services,Main Market,6.65,0.828,19.99,0.75,8.03,1016.51
8303,LOTUS,LOTUS KFM BERHAD,Consumer Products & Services,Main Market,0.64,0.080,39.01,2.00,8.01,204.74
5131,ZHULIAN,ZHULIAN CORPORATION BERHAD,Consumer Products & Services,Main Market,10.17,1.274,17.90,9.34,7.98,837.20
1961,IOICORP,IOI CORPORATION BERHAD,Plantation,Main Market,11.61,1.470,37.64,1.83,7.90,27466.32
5152,MBL,MUAR BAN LEE GROUP BERHAD,Industrial Products & Services,Main Market,5.76,0.730,10.06,0.00,7.89,130.26
5130,ATRIUM,ATRIUM REAL ESTATE INVESTMENT TRUST,Real Estate Investment Trusts,Main Market,10.25,1.299,12.68,6.92,7.89,266.01
7216,KAWAN,KAWAN FOOD BERHAD,Consumer Products & Services,Main Market,7.37,0.940,23.75,1.43,7.84,629.16
5008,HARISON,HARRISONS HOLDINGS (MALAYSIA) BERHAD,Consumer Products & Services,Main Market,36.97,4.740,10.58,5.12,7.80,267.79
7077,KPPROP,KERJAYA PROSPEK PROPERTY BERHAD,Property,Main Market,13.06,1.680,9.57,0.00,7.78,250.18
0222,OPTIMAX,OPTIMAX HOLDINGS BERHAD,Health Care,Ace Market,1.76,0.170,76.14,0.00,7.76,361.80
0196,QES,QES GROUP BERHAD,Industrial Products & Services,Ace Market,1.00,0.130,61.47,0.00,7.70,513.00
0108,N2N,N2N CONNECT BERHAD,Technology,Ace Market,3.68,0.480,22.97,2.96,7.66,505.21
5069,BLDPLNT,BLD PLANTATION BHD.,Plantation,Main Market,48.22,6.330,15.57,0.00,7.62,702.19
8273,PPHB,PUBLIC PACKAGES HOLDINGS BHD,Industrial Products & Services,Main Market,10.51,1.390,9.89,0.24,7.56,196.17
5066,NTPM,NTPM HOLDINGS BERHAD,Consumer Products & Services,Main Market,3.16,0.420,20.23,2.50,7.53,718.85
5908,DKSH,DKSH HOLDINGS (MALAYSIA) BERHAD,Consumer Products & Services,Main Market,31.01,4.134,10.29,0.00,7.50,502.93
0219,RL,RESERVOIR LINK ENERGY BHD,Energy,Ace Market,1.98,0.200,29.76,1.27,7.44,168.15
7235,SUPERLN,SUPERLON HOLDINGS BERHAD,Industrial Products & Services,Main Market,6.23,0.839,13.87,3.53,7.43,138.40
0023,IFCAMSC,IFCA MSC BERHAD,Technology,Ace Market,1.41,0.190,27.64,2.56,7.43,237.23
6963,VS,V.S. INDUSTRY BERHAD,Industrial Products & Services,Main Market,7.11,0.960,42.63,0.86,7.40,5733.01
5289,TECHBND,TECHBOND GROUP BERHAD,Industrial Products & Services,Main Market,4.50,0.610,41.07,0.54,7.38,432.26
0212,SDS,SDS GROUP BERHAD,Consumer Products & Services,Ace Market,1.25,0.170,19.53,0.00,7.38,99.43
0209,ISTONE,I-STONE GROUP BERHAD,Technology,Ace Market,0.44,0.060,62.19,0.91,7.37,335.91
7084,QL,QL RESOURCES BERHAD,Consumer Products & Services,Main Market,9.87,1.340,61.53,0.74,7.36,14772.30
5133,PENERGY,PETRA ENERGY BERHAD,Energy,Main Market,8.62,1.180,12.41,5.61,7.31,344.27
5983,MBMR,MBM RESOURCES BHD,Consumer Products & Services,Main Market,32.76,4.490,10.04,6.69,7.30,1286.02
5293,AME,AME ELITE CONSORTIUM BERHAD,Construction,Main Market,10.85,1.490,20.64,1.34,7.28,956.74
0090,ELSOFT,ELSOFT RESEARCH BERHAD,Technology,Main Market,1.16,0.160,83.38,3.09,7.27,653.19
7091,UNIMECH,UNIMECH GROUP BERHAD,Industrial Products & Services,Main Market,13.15,1.812,13.08,2.62,7.26,259.32
6483,KENANGA,KENANGA INVESTMENT BANK BERHAD,Financial Services,Main Market,9.89,1.370,19.11,1.72,7.22,1365.98
5184,CYPARK,CYPARK RESOURCES BERHAD,Industrial Products & Services,Main Market,14.45,2.010,10.73,0.00,7.19,756.28
5827,OIB,ORIENTAL INTEREST BERHAD,Property,Main Market,22.39,3.120,12.37,2.89,7.18,428.96
5065,ORNA,ORNAPAPER BERHAD,Industrial Products & Services,Main Market,17.39,2.440,10.18,1.69,7.13,133.19
2445,KLK,KUALA LUMPUR KEPONG BERHAD,Plantation,Main Market,71.47,10.040,32.43,2.16,7.12,25057.99
7162,ASTINO,ASTINO BERHAD,Industrial Products & Services,Main Market,10.82,1.520,8.64,1.60,7.12,256.30
1996,KRETAM,KRETAM HOLDINGS BERHAD,Plantation,Main Market,1.95,0.275,33.58,1.53,7.09,1524.60
5116,ALAQAR,AL-`AQAR HEALTHCARE REIT,Real Estate Investment Trusts,Main Market,9.31,1.317,14.07,5.92,7.07,964.14
1899,BKAWAN,BATU KAWAN BERHAD,Plantation,Main Market,104.44,14.770,17.39,3.03,7.07,7255.56
4588,UMW,UMW HOLDINGS BERHAD,Consumer Products & Services,Main Market,22.91,3.250,12.88,2.03,7.05,3446.47
7439,TECGUAN,TECK GUAN PERDANA BERHAD,Consumer Products & Services,Main Market,10.37,1.477,12.92,0.00,7.02,53.73
5053,OSK,OSK HOLDINGS BERHAD,Property,Main Market,17.76,2.530,4.87,5.78,7.02,1812.44
7229,FAVCO,FAVELLE FAVCO BERHAD,Industrial Products & Services,Main Market,22.38,3.190,9.70,6.91,7.02,485.96
5134,SAB,SOUTHERN ACIDS (M) BERHAD,Industrial Products & Services,Main Market,32.17,4.590,11.53,1.35,7.01,508.03
7031,AMTEL,AMTEL HOLDINGS BERHAD,Telecommunications & Media,Main Market,6.63,0.956,60.92,0.00,6.94,262.75
0190,ESAFE,EVERSAFE RUBBER BERHAD,Industrial Products & Services,Ace Market,1.89,0.275,14.78,3.57,6.89,67.37
2488,ABMB,ALLIANCE BANK MALAYSIA BERHAD,Financial Services,Main Market,28.44,4.140,9.46,0.00,6.87,4164.40
0192,INTA,INTA BINA GROUP BERHAD,Construction,Main Market,1.80,0.263,15.81,3.51,6.86,152.55
5228,ELKDESA,ELK-DESA RESOURCES BERHAD,Financial Services,Main Market,9.79,1.430,14.30,5.18,6.84,416.11
7076,CBIP,CB INDUSTRIAL PRODUCT HOLDING BERHAD,Industrial Products & Services,Main Market,10.01,1.470,10.59,1.89,6.81,522.84
0136,GREENYB,GREENYIELD BERHAD,Consumer Products & Services,Main Market,1.18,0.174,16.89,1.00,6.81,66.75
3514,MARCO,MARCO HOLDINGS BERHAD,Consumer Products & Services,Main Market,1.36,0.200,8.82,2.50,6.81,126.52
5159,YOCB,YOONG ONN CORPORATION BERHAD,Consumer Products & Services,Main Market,10.25,1.510,8.87,3.30,6.79,145.60
7107,OFI,ORIENTAL FOOD INDUSTRIES HOLDINGS BERHAD,Consumer Products & Services,Main Market,5.62,0.830,15.29,1.74,6.78,206.40
5285,SIMEPLT,SIME DARBY PLANTATION BERHAD,Plantation,Main Market,13.32,1.970,37.16,0.81,6.76,34078.65
0008,WILLOW,WILLOWGLEN MSC BERHAD,Technology,Main Market,2.30,0.340,18.52,3.53,6.75,210.80
9113,ICONIC,ICONIC WORLDWIDE BERHAD,Consumer Products & Services,Main Market,2.48,0.370,19.75,0.00,6.71,206.21
5106,AXREIT,AXIS REAL ESTATE INVESTMENT TRUST,Real Estate Investment Trusts,Main Market,9.85,1.472,19.49,4.82,6.69,2769.28
0207,MESTRON,MESTRON HOLDINGS BERHAD,Industrial Products & Services,Ace Market,0.53,0.080,35.62,0.79,6.67,167.68
6939,FIAMMA,FIAMMA HOLDINGS BERHAD,Consumer Products & Services,Main Market,6.90,1.040,9.20,4.33,6.64,323.87
0199,TRIMODE,TRI-MODE SYSTEM (M) BERHAD,Transportation & Logistics,Ace Market,3.02,0.460,18.05,1.19,6.56,90.47
8443,HIL,HIL INDUSTRIES BERHAD,Industrial Products & Services,Main Market,7.09,1.090,13.90,1.22,6.50,329.03
7103,SPRITZER,SPRITZER BHD,Consumer Products & Services,Main Market,13.21,2.044,14.09,2.42,6.46,390.59
9881,LSTEEL,LEADER STEEL HOLDINGS BERHAD,Industrial Products & Services,Main Market,7.30,1.130,7.33,0.00,6.46,75.08
5264,MALAKOF,MALAKOFF CORPORATION BERHAD,Utilities,Main Market,7.03,1.100,12.24,7.62,6.39,4300.00
7178,YSPSAH,Y.S.P.SOUTHEAST ASIA HOLDING BERHAD,Health Care,Main Market,15.30,2.400,13.98,3.74,6.38,301.24
1015,AMBANK,AMMB HOLDINGS BERHAD,Financial Services,Main Market,40.88,6.420,8.37,3.89,6.37,10308.51
2062,HARBOUR,HARBOUR-LINK GROUP BERHAD,Transportation & Logistics,Main Market,6.75,1.070,13.47,1.10,6.31,364.36
3298,HEXZA,HEXZA CORPORATION BERHAD,Industrial Products & Services,Main Market,8.32,1.320,13.94,6.47,6.30,232.44
6432,APOLLO,APOLLO FOOD HOLDINGS BERHAD,Consumer Products & Services,Main Market,19.79,3.140,18.75,2.70,6.30,296.80
0171,PLABS,PETERLABS HOLDINGS BERHAD,Consumer Products & Services,Ace Market,1.52,0.243,14.77,4.44,6.27,61.92
0197,WEGMANS,WEGMANS HOLDINGS BERHAD,Consumer Products & Services,Main Market,1.00,0.160,34.40,1.45,6.27,172.50
1929,CHINTEK,CHIN TECK PLANTATIONS BERHAD,Plantation,Main Market,48.10,7.700,14.34,1.59,6.25,630.41
6068,PCCS,PCCS GROUP BERHAD,Consumer Products & Services,Main Market,4.56,0.730,9.98,2.20,6.25,96.30
5227,IGBREIT,IGB REAL ESTATE INVESTMENT TRUST,Real Estate Investment Trusts,Main Market,6.64,1.068,25.14,4.04,6.22,5951.85
5010,TONGHER,TONG HERR RESOURCES BERHAD,Industrial Products & Services,Main Market,19.08,3.070,12.21,4.29,6.22,366.81
6888,AXIATA,AXIATA GROUP BERHAD,Telecommunications & Media,Main Market,10.40,1.720,33.65,2.71,6.05,32093.39
5223,MENTIGA,MENTIGA CORPORATION BERHAD,Industrial Products & Services,Main Market,15.70,2.620,6.05,0.00,5.99,66.50
1171,MBSB,MALAYSIA BUILDING SOCIETY BERHAD,Financial Services,Main Market,7.59,1.270,8.77,4.51,5.98,4638.63
7249,EWEIN,EWEIN BERHAD,Property,Main Market,5.43,0.910,5.71,11.29,5.96,93.49
7034,TGUAN,THONG GUAN INDUSTRIES BERHAD,Industrial Products & Services,Main Market,19.78,3.330,12.53,1.21,5.94,944.80
0113,MMSV,MMS VENTURES BERHAD,Technology,Main Market,1.78,0.300,69.76,1.61,5.93,254.21
7722,ASIABRN,ASIA BRANDS BERHAD,Consumer Products & Services,Main Market,5.34,0.910,13.76,0.00,5.87,171.00
5291,HPMT,HPMT HOLDINGS BERHAD,Industrial Products & Services,Main Market,2.16,0.370,23.41,2.46,5.83,165.89
4197,SIME,SIME DARBY BERHAD,Consumer Products & Services,Main Market,12.57,2.160,17.58,4.52,5.82,15033.61
4065,PPB,PPB GROUP BERHAD,Consumer Products & Services,Main Market,90.08,15.490,20.78,1.66,5.82,26631.05
0182,LKL,LKL INTERNATIONAL BERHAD,Health Care,Ace Market,0.81,0.140,98.57,0.00,5.80,396.73
0227,EFRAME,ECONFRAME BERHAD,Industrial Products & Services,Ace Market,1.19,0.155,49.64,0.00,5.76,191.75
8486,LIONPSIM,LION POSIM BERHAD,Industrial Products & Services,Main Market,14.56,2.540,3.64,0.00,5.73,122.73
5278,RHONEMA,RHONE MA HOLDINGS BERHAD,Consumer Products & Services,Main Market,3.43,0.600,21.13,1.38,5.72,145.62
5401,TROP,TROPICANA CORPORATION BERHAD,Property,Main Market,18.90,3.310,4.68,0.00,5.71,1301.33
5123,SENTRAL,SENTRAL REIT,Real Estate Investment Trusts,Main Market,6.77,1.198,13.51,7.74,5.65,980.68
5347,TENAGA,TENAGA NASIONAL BHD,Utilities,Main Market,53.19,9.446,19.14,9.82,5.63,58073.38
5681,PETDAG,PETRONAS DAGANGAN BHD,Consumer Products & Services,Main Market,31.54,5.700,62.65,4.30,5.53,19630.65
7140,OKA,OKA CORPORATION BHD,Industrial Products & Services,Main Market,4.09,0.740,16.87,5.80,5.53,169.32
3883,MUDA,MUDA HOLDINGS BERHAD,Industrial Products & Services,Main Market,19.84,3.600,17.54,1.15,5.51,1061.58
3204,GKENT,GEORGE KENT (MALAYSIA) BERHAD,Construction,Main Market,5.31,0.964,14.14,3.33,5.51,422.45
5167,TURBO,TURBO-MECH BERHAD,Industrial Products & Services,Main Market,5.59,1.020,18.60,0.96,5.48,112.32
5012,TAANN,TA ANN HOLDINGS BERHAD,Plantation,Main Market,18.54,3.390,15.16,3.56,5.47,1250.01
6459,MNRB,MNRB HOLDINGS BERHAD,Financial Services,Main Market,17.80,3.270,5.08,3.31,5.44,708.69
5011,MSNIAGA,MESINIAGA BERHAD,Technology,Main Market,9.78,1.799,16.15,0.00,5.44,95.44
5140,TASCO,TASCO BERHAD,Transportation & Logistics,Main Market,12.28,2.270,46.58,0.35,5.41,1144.00
6633,LHI,LEONG HUP INTERNATIONAL BERHAD,Consumer Products & Services,Main Market,2.47,0.459,28.55,0.78,5.38,2573.25
5271,PECCA,PECCA GROUP BERHAD,Industrial Products & Services,Main Market,4.72,0.886,37.90,2.44,5.33,336.52
5080,POHKONG,POH KONG HOLDINGS BERHAD,Consumer Products & Services,Main Market,7.55,1.430,10.79,1.47,5.28,334.44
0120,VIS,VISDYNAMICS HOLDINGS BERHAD,Technology,Ace Market,1.42,0.270,118.70,0.59,5.27,290.35
0053,OSKVI,OSK VENTURES INTERNATIONAL BERHAD,Financial Services,Ace Market,4.73,0.900,9.61,0.00,5.26,89.91
7227,UMSNGB,UMS-NEIKEN GROUP BERHAD,Industrial Products & Services,Main Market,6.78,1.290,15.19,2.91,5.26,82.40
7172,PMBTECH,PMB TECHNOLOGY BERHAD,Industrial Products & Services,Main Market,13.82,2.650,40.73,0.62,5.22,1185.97
7129,ASIAFLE,ASIA FILE CORPORATION BHD,Consumer Products & Services,Main Market,17.15,3.296,13.82,0.00,5.20,461.58
0158,SCC,SCC HOLDINGS BERHAD,Consumer Products & Services,Ace Market,1.54,0.301,24.72,0.00,5.11,53.64
7214,ARANK,A-RANK BERHAD,Industrial Products & Services,Main Market,4.23,0.830,12.66,3.74,5.09,91.62
0218,ACO,ACO GROUP BERHAD,Industrial Products & Services,Ace Market,1.07,0.210,27.14,1.03,5.09,95.93
0094,INIX,INIX TECHNOLOGIES HOLDINGS BERHAD,Technology,Ace Market,0.46,0.091,69.04,0.00,5.04,146.98
5138,HSPLANT,HAP SENG PLANTATIONS HOLDINGS BERHAD,Plantation,Main Market,10.56,2.100,16.85,1.40,5.03,1424.00
4731,SCIENTX,SCIENTEX BERHAD,Industrial Products & Services,Main Market,25.91,5.150,15.83,5.61,5.03,6357.44
0187,BCMALL,BCM ALLIANCE BERHAD,Industrial Products & Services,Ace Market,0.65,0.130,38.27,0.40,5.02,120.36
5035,KNUSFOR,KNUSFORD BERHAD,Industrial Products & Services,Main Market,11.44,2.295,8.00,0.00,4.99,91.18
2291,GENP,GENTING PLANTATIONS BERHAD,Plantation,Main Market,26.41,5.310,36.05,1.37,4.97,8542.85
5183,PCHEM,PETRONAS CHEMICALS GROUP BERHAD,Industrial Products & Services,Main Market,18.79,3.790,40.19,2.38,4.96,60400.00
7114,DNONCE,D'NONCE TECHNOLOGY BHD,Industrial Products & Services,Main Market,2.26,0.460,23.63,0.00,4.92,167.52
5230,TUNEPRO,TUNE PROTECT GROUP BERHAD,Financial Services,Main Market,3.73,0.760,10.87,0.00,4.90,304.46
3859,MAGNUM,MAGNUM BERHAD,Consumer Products & Services,Main Market,8.24,1.710,26.70,7.20,4.82,3163.05
5211,SUNWAY,SUNWAY BERHAD,Industrial Products & Services,Main Market,8.20,1.710,18.29,4.98,4.80,7400.90
3913,MUIPROP,MUI PROPERTIES BERHAD,Property,Main Market,1.84,0.390,11.17,0.00,4.71,156.63
4324,HENGYUAN,HENGYUAN REFINING COMPANY BERHAD,Energy,Main Market,33.68,7.164,17.37,0.00,4.70,1755.00
5208,EITA,EITA RESOURCES BERHAD,Industrial Products & Services,Main Market,6.65,1.420,16.54,4.36,4.68,286.00
5054,TRC,TRC SYNERGY BERHAD,Construction,Main Market,4.20,0.900,7.73,3.38,4.67,156.16
0185,HSSEB,HSS ENGINEERS BERHAD,Industrial Products & Services,Main Market,2.10,0.450,24.53,0.00,4.67,255.37
9059,TSH,TSH RESOURCES BERHAD,Plantation,Main Market,4.67,1.003,23.12,1.85,4.66,1492.35
0223,SAMAIDEN,SAMAIDEN GROUP BERHAD,Industrial Products & Services,Ace Market,1.94,0.106,98.31,0.00,4.60,401.10
4286,SEAL,SEAL INCORPORATED BERHAD,Property,Main Market,5.87,1.279,5.80,0.00,4.59,82.60
7199,KEINHIN,KEIN HING INTERNATIONAL BERHAD,Industrial Products & Services,Main Market,5.00,1.090,14.81,0.00,4.58,80.59
0024,JAG,JAG BERHAD,Industrial Products & Services,Ace Market,1.60,0.350,17.83,0.00,4.56,155.07
7095,PIE,P.I.E. INDUSTRIAL BERHAD,Industrial Products & Services,Main Market,5.22,1.150,65.55,1.46,4.54,1313.42
0172,OCK,OCK GROUP BERHAD,Telecommunications & Media,Main Market,2.54,0.560,16.76,0.00,4.53,448.14
5220,GLOTEC,GLOBALTEC FORMATION BERHAD,Industrial Products & Services,Main Market,4.12,0.911,12.13,0.00,4.53,134.54
7202,CSCENIC,CLASSIC SCENIC BERHAD,Consumer Products & Services,Main Market,3.48,0.770,37.08,3.88,4.52,155.45
7050,WONG,WONG ENGINEERING CORPORATION BERHAD,Industrial Products & Services,Main Market,2.76,0.620,23.41,3.88,4.44,73.92
7210,FREIGHT,FREIGHT MANAGEMENT HOLDINGS BERHAD,Transportation & Logistics,Main Market,4.66,1.050,36.05,1.19,4.44,469.09
6491,KFIMA,KUMPULAN FIMA BERHAD,Industrial Products & Services,Main Market,12.42,2.840,14.41,5.03,4.37,505.19
1538,SYMLIFE,SYMPHONY LIFE BERHAD,Property,Main Market,6.86,1.580,7.36,3.96,4.34,319.06
5191,TAMBUN,TAMBUN INDAH LAND BERHAD,Property,Main Market,6.34,1.470,10.41,5.91,4.31,286.85
7203,WANGZNG,WANG-ZHENG BERHAD,Consumer Products & Services,Main Market,5.43,1.260,16.75,4.95,4.31,145.60
1368,EDGENTA,UEM EDGENTA BERHAD,Industrial Products & Services,Main Market,7.54,1.750,20.95,8.86,4.31,1313.97
5088,APEX,APEX EQUITY HOLDINGS BERHAD,Financial Services,Main Market,6.66,1.550,16.51,0.00,4.30,234.92
9369,TGL,TEO GUAN LEE CORPORATION BERHAD,Consumer Products & Services,Main Market,9.49,2.230,16.01,1.97,4.26,61.93
5280,KIPREIT,KIP REAL ESTATE INVESTMENT TRUST,Real Estate Investment Trusts,Main Market,4.28,1.013,19.05,7.58,4.22,411.82
7128,CAMRES,CAM RESOURCES BERHAD,Consumer Products & Services,Main Market,2.57,0.610,15.78,0.00,4.21,79.70
0078,GDEX,GDEX BERHAD,Transportation & Logistics,Main Market,0.38,0.090,103.43,0.51,4.19,2200.15
5269,ALSREIT,AL-SALAM REAL ESTATE INVESTMENT TRUST,Real Estate Investment Trusts,Main Market,4.50,1.080,12.68,8.33,4.16,330.60
0105,ASIAPLY,ASIA POLY HOLDINGS BERHAD,Industrial Products & Services,Ace Market,0.79,0.190,35.55,0.00,4.15,223.21
9237,SCIB,SARAWAK CONSOLIDATED INDUSTRIES BERHAD,Industrial Products & Services,Main Market,4.60,1.110,48.26,1.61,4.14,1088.98
6769,JKGLAND,JKG LAND BERHAD,Property,Main Market,0.87,0.210,10.35,0.00,4.14,204.74
5257,CARIMIN,CARIMIN PETROLEUM BERHAD,Energy,Main Market,2.99,0.728,22.90,0.73,4.11,160.21
0049,OCNCASH,OCEANCASH PACIFIC BERHAD,Consumer Products & Services,Main Market,1.63,0.402,32.22,1.52,4.05,136.92
0112,MIKROMB,MIKRO MSC BERHAD,Technology,Ace Market,0.67,0.167,34.36,0.22,4.01,135.52
0080,STRAITS,STRAITS INTER LOGISTICS BERHAD,Transportation & Logistics,Ace Market,0.69,0.174,24.06,0.00,3.95,107.36
3905,MULPHA,MULPHA INTERNATIONAL BERHAD,Consumer Products & Services,Main Market,34.88,8.840,3.78,0.00,3.95,421.70
5127,ARREIT,AMANAHRAYA REAL ESTATE INVESTMENT TRUST,Real Estate Investment Trusts,Main Market,5.34,1.355,12.16,9.54,3.94,372.59
7006,LATITUD,LATITUDE TREE HOLDINGS BERHAD,Consumer Products & Services,Main Market,23.90,6.120,18.70,1.34,3.91,434.52
6599,AEON,AEON CO. (M) BHD,Consumer Products & Services,Main Market,4.57,1.170,23.20,3.77,3.91,1488.24
5185,AFFIN,AFFIN BANK BERHAD,Financial Services,Main Market,17.40,4.610,10.18,3.95,3.77,3681.23
7228,T7GLOBAL,T7 GLOBAL BERHAD,Energy,Main Market,1.55,0.410,27.15,0.00,3.77,266.22
8478,HWATAI,HWA TAI INDUSTRIES BERHAD,Consumer Products & Services,Main Market,1.15,0.308,51.71,0.00,3.74,44.53
6297,BOXPAK,BOX-PAK (MALAYSIA) BERHAD,Industrial Products & Services,Main Market,7.50,2.020,18.92,0.00,3.72,170.47
5026,MHC,MHC PLANTATIONS BHD,Plantation,Main Market,4.64,1.250,14.98,0.00,3.71,136.60
5038,KSL,KSL HOLDINGS BERHAD,Property,Main Market,11.24,3.030,5.34,0.00,3.71,622.51
6238,HSL,HOCK SENG LEE BERHAD,Construction,Main Market,5.58,1.515,17.21,2.50,3.68,559.37
5789,LBS,LBS BINA GROUP BERHAD,Property,Main Market,3.20,0.870,12.83,0.00,3.67,643.39
7854,TIMWELL,TIMBERWELL BERHAD,Industrial Products & Services,Main Market,2.13,0.582,30.00,0.00,3.67,56.99
5398,GAMUDA,GAMUDA BERHAD,Construction,Main Market,12.23,3.410,27.97,1.75,3.59,8596.26
8605,FIHB,FEDERAL INTERNATIONAL HOLDINGS BERHAD,Consumer Products & Services,Main Market,3.37,0.944,20.45,0.00,3.58,82.67
0054,KARYON,KARYON INDUSTRIES BERHAD,Industrial Products & Services,Main Market,0.79,0.220,26.10,4.88,3.57,97.52
5110,UOAREIT,UOA REAL ESTATE INVESTMENT TRUST,Real Estate Investment Trusts,Main Market,5.14,1.451,21.19,7.74,3.54,736.40
0195,BINACOM,BINASAT COMMUNICATIONS BERHAD,Telecommunications & Media,Ace Market,1.06,0.300,40.61,0.00,3.53,123.17
0180,KTC,KIM TECK CHEONG CONSOLIDATED BERHAD,Consumer Products & Services,Ace Market,0.63,0.180,24.63,0.00,3.50,103.90
7187,CHGP,CHIN HIN GROUP PROPERTY BERHAD,Transportation & Logistics,Main Market,1.40,0.400,61.95,0.00,3.49,299.96
6521,SURIA,SURIA CAPITAL HOLDINGS BERHAD,Transportation & Logistics,Main Market,11.32,3.276,9.36,4.72,3.46,366.57
5005,UNISEM,UNISEM (M) BERHAD,Technology,Main Market,6.82,1.976,130.33,0.67,3.45,7170.14
7217,EMETALL,EONMETALL GROUP BERHAD,Industrial Products & Services,Main Market,4.66,1.350,14.49,0.00,3.45,139.60
8583,MAHSING,MAH SING GROUP BERHAD,Property,Main Market,4.83,1.410,16.15,4.29,3.43,1893.60
8117,POLY,POLY GLASS FIBRE (M) BERHAD,Industrial Products & Services,Main Market,3.70,1.092,16.77,1.61,3.39,99.18
7073,SEACERA,SEACERA GROUP BERHAD,Industrial Products & Services,Main Market,3.89,1.150,5.65,0.00,3.38,105.98
1023,CIMB,CIMB GROUP HOLDINGS BERHAD,Financial Services,Main Market,18.42,5.550,22.96,6.15,3.32,41974.17
3484,DBHD,DAMANSARA HOLDINGS BERHAD,Property,Main Market,1.88,0.567,19.44,0.00,3.31,116.21
7226,WATTA,WATTA HOLDING BERHAD,Industrial Products & Services,Main Market,2.22,0.670,22.56,0.00,3.31,42.24
1058,MANULFE,MANULIFE HOLDINGS BERHAD,Financial Services,Main Market,14.04,4.250,14.46,3.45,3.30,420.18
3379,INSAS,INSAS BERHAD,Financial Services,Main Market,8.99,2.730,10.07,2.21,3.29,627.48
0149,FIBON,FIBON BERHAD,Industrial Products & Services,Main Market,1.71,0.520,22.50,1.40,3.29,37.73
5049,CVIEW,COUNTRY VIEW BERHAD,Property,Main Market,13.25,4.120,8.00,7.55,3.22,106.00
5125,PANTECH,PANTECH GROUP HOLDINGS BERHAD,Industrial Products & Services,Main Market,2.82,0.880,16.69,1.70,3.20,352.98
2852,CMSB,CAHYA MATA SARAWAK BERHAD,Industrial Products & Services,Main Market,8.01,2.510,26.97,1.39,3.19,2320.65
5273,CHINHIN,CHIN HIN GROUP BERHAD,Industrial Products & Services,Main Market,2.57,0.810,61.03,1.27,3.18,873.53
7083,ANALABS,ANALABS RESOURCES BERHAD,Industrial Products & Services,Main Market,7.46,2.350,16.22,1.65,3.17,145.26
0167,MCLEAN,MCLEAN TECHNOLOGIES BERHAD,Industrial Products & Services,Ace Market,0.44,0.140,112.69,0.00,3.17,98.61
6017,SHL,SHL CONSOLIDATED BHD,Property,Main Market,10.74,3.390,18.62,6.00,3.17,484.25
9873,PRESTAR,PRESTAR RESOURCES BERHAD,Industrial Products & Services,Main Market,4.65,1.490,21.72,0.99,3.12,206.88
0116,FOCUS,FOCUS DYNAMICS GROUP BERHAD,Consumer Products & Services,Ace Market,0.07,0.023,913.55,0.00,3.10,4000.41
7232,RESINTC,RESINTECH BERHAD,Industrial Products & Services,Main Market,3.70,1.198,13.80,2.94,3.09,69.97
5095,HEVEA,HEVEABOARD BERHAD,Industrial Products & Services,Main Market,2.28,0.740,29.43,5.97,3.08,380.39
7200,TEKSENG,TEK SENG HOLDINGS BERHAD,Consumer Products & Services,Main Market,1.75,0.570,38.84,0.00,3.07,245.25
7130,KPOWER,KPOWER BERHAD,Consumer Products & Services,Main Market,4.42,1.440,53.17,0.96,3.07,1062.98
7757,UPA,UPA CORPORATION BHD,Consumer Products & Services,Main Market,9.84,3.320,21.75,3.74,2.96,170.31
4057,ASIAPAC,ASIAN PAC HOLDINGS BERHAD,Property,Main Market,3.12,1.053,4.49,0.00,2.96,145.55
5283,EWINT,ECO WORLD INTERNATIONAL BERHAD,Property,Main Market,3.35,1.140,14.19,0.00,2.94,1140.00
3743,SUNSURIA,SUNSURIA BERHAD,Property,Main Market,3.37,1.150,12.92,0.00,2.93,389.72
2542,RVIEW,RIVERVIEW RUBBER ESTATES BERHAD,Plantation,Main Market,12.31,4.210,23.80,3.75,2.92,190.01
9326,LBALUM,LB ALUMINIUM BERHAD,Industrial Products & Services,Main Market,3.56,1.230,18.95,1.48,2.90,167.73
8206,ECOWLD,ECO WORLD DEVELOPMENT GROUP BERHAD,Property,Main Market,4.59,1.590,10.46,4.17,2.89,1413.30
7164,KNM,KNM GROUP BERHAD,Energy,Main Market,1.84,0.650,10.84,0.00,2.84,658.50
0032,REDTONE,REDTONE DIGITAL BERHAD,Telecommunications & Media,Ace Market,0.56,0.197,70.09,4.62,2.82,305.16
2194,MMCCORP,MMC CORPORATION BERHAD,Transportation & Logistics,Main Market,8.68,3.080,9.33,1.85,2.82,2466.50
7169,DOMINAN,DOMINANT ENTERPRISE BERHAD,Industrial Products & Services,Main Market,5.12,1.830,14.16,5.52,2.80,119.80
0146,JFTECH,JF TECHNOLOGY BERHAD,Technology,Ace Market,1.39,0.496,131.23,0.27,2.80,1681.68
0225,SCGBHD,SOUTHERN CABLE GROUP BERHAD,Industrial Products & Services,Ace Market,3.67,0.330,15.27,0.00,2.78,448.00
6173,BDB,BINA DARULAMAN BERHAD,Property,Main Market,4.16,1.510,9.00,0.00,2.76,113.95
5161,JCY,JCY INTERNATIONAL BERHAD,Technology,Main Market,1.21,0.441,36.88,0.00,2.74,944.24
5249,IOIPG,IOI PROPERTIES GROUP BERHAD,Property,Main Market,9.28,3.420,15.08,1.07,2.71,7708.60
3174,L,LAND & GENERAL BERHAD,Property,Main Market,1.00,0.370,10.95,0.00,2.71,327.04
5094,CSCSTEL,CSC STEEL HOLDINGS BERHAD,Industrial Products & Services,Main Market,5.96,2.210,21.15,5.24,2.70,478.80
5171,KIMLUN,KIMLUN CORPORATION BERHAD,Construction,Main Market,5.64,2.097,13.48,4.34,2.69,268.57
5068,LUSTER,LUSTER INDUSTRIES BHD.,Industrial Products & Services,Main Market,0.24,0.090,102.22,0.00,2.66,708.76
6718,CRESNDO,CRESCENDO CORPORATION BERHAD,Property,Main Market,8.59,3.270,12.58,3.70,2.63,302.90
5843,KPS,KUMPULAN PERANGSANG SELANGOR BERHAD,Industrial Products & Services,Main Market,4.73,1.810,17.76,0.00,2.61,451.40
0202,RGTECH,RADIANT GLOBALTECH BERHAD,Technology,Ace Market,0.31,0.121,113.41,0.00,2.60,186.45
8524,TALIWRK,TALIWORKS CORPORATION BERHAD,Utilities,Main Market,1.25,0.485,65.88,6.36,2.58,1663.05
6114,MKH,MKH BERHAD,Property,Main Market,7.28,2.830,17.71,2.33,2.57,756.65
7018,CME,CME GROUP BERHAD,Industrial Products & Services,Main Market,0.15,0.058,30.26,0.00,2.57,39.61
7105,HCK,HCK CAPITAL GROUP BERHAD,Property,Main Market,1.23,0.490,106.93,0.00,2.50,555.71
0206,NADIBHD,GAGASAN NADI CERGAS BERHAD,Construction,Ace Market,1.47,0.590,20.36,3.33,2.50,225.90
5120,AMFIRST,AMFIRST REAL ESTATE INVESTMENT TRUST,Real Estate Investment Trusts,Main Market,3.05,1.225,13.10,8.38,2.49,274.56
7595,MGB,MGB BERHAD,Construction,Main Market,2.32,0.930,40.99,0.00,2.49,476.57
5132,DELEUM,DELEUM BERHAD,Energy,Main Market,2.12,0.850,29.77,6.98,2.49,252.98
3107,FIMACOR,FIMA CORPORATION BERHAD,Industrial Products & Services,Main Market,5.62,2.280,31.65,7.02,2.47,436.57
8982,CEPAT,CEPATWAWASAN GROUP BERHAD,Plantation,Main Market,2.60,1.060,25.41,2.27,2.45,210.17
7099,ATTA,ATTA GLOBAL GROUP BERHAD,Industrial Products & Services,Main Market,4.02,1.650,12.56,0.00,2.44,107.73
7149,ENGKAH,ENG KAH CORPORATION BERHAD,Consumer Products & Services,Main Market,2.49,1.030,93.92,0.00,2.42,165.57
3557,ECOFIRS,ECOFIRST CONSOLIDATED BHD,Property,Main Market,1.06,0.442,35.36,0.00,2.40,313.61
9423,CWG,CWG HOLDINGS BERHAD,Consumer Products & Services,Main Market,1.63,0.680,24.88,1.23,2.39,51.15
5568,APB,APB RESOURCES BERHAD,Industrial Products & Services,Main Market,3.38,1.420,19.37,0.00,2.38,73.93
5176,SUNREIT,SUNWAY REAL ESTATE INVESTMENT TRUST,Real Estate Investment Trusts,Main Market,3.51,1.481,40.79,5.13,2.37,4897.48
2305,AYER,AYER HOLDINGS BERHAD,Property,Main Market,16.40,7.000,34.45,0.80,2.34,422.92
7323,KEN,KEN HOLDINGS BERHAD,Property,Main Market,4.19,1.820,13.59,0.00,2.30,109.28
3336,IJM,IJM CORPORATION BERHAD,Construction,Main Market,6.09,2.670,25.44,1.94,2.28,5643.73
7221,BSLCORP,BSL CORPORATION BERHAD,Industrial Products & Services,Main Market,2.58,1.130,22.33,0.00,2.28,56.35
7033,HIGHTEC,KUMPULAN H & L HIGH-TECH BERHAD,Industrial Products & Services,Main Market,5.98,2.637,42.65,1.37,2.27,103.56
1295,PBBANK,PUBLIC BANK BERHAD,Financial Services,Main Market,26.43,11.870,15.93,3.47,2.23,81719.01
5222,FGV,FGV HOLDINGS BERHAD,Plantation,Main Market,2.49,1.130,52.59,1.53,2.20,4779.08
5606,IGBB,IGB BERHAD,Property,Main Market,8.96,4.080,29.02,0.00,2.20,2310.11
0021,GHLSYS,GHL SYSTEMS BERHAD,Technology,Main Market,1.35,0.626,127.29,0.00,2.16,1963.38
7179,LAGENDA,LAGENDA PROPERTIES BERHAD,Property,Main Market,7.25,3.390,24.01,0.00,2.14,1424.17
9199,LYSAGHT,LYSAGHT GALVANIZED STEEL BERHAD,Industrial Products & Services,Main Market,7.89,3.700,29.40,2.16,2.13,96.47
7163,PJBUMI,PJBUMI BERHAD,Industrial Products & Services,Main Market,0.58,0.280,59.43,0.00,2.07,28.29
5231,PELIKAN,PELIKAN INTERNATIONAL CORPORATION BERHAD,Consumer Products & Services,Main Market,1.55,0.750,22.96,0.00,2.06,215.89
9962,GMUTUAL,GROMUTUAL BERHAD,Property,Main Market,1.96,0.960,13.03,1.96,2.04,95.78
4952,AHP,AMANAH HARTA TANAH PNB,Real Estate Investment Trusts,Main Market,2.55,1.257,39.17,0.00,2.03,220.00
5198,AFUJIYA,ABM FUJIYA BERHAD,Industrial Products & Services,Main Market,1.82,0.900,21.93,0.00,2.03,72.00
5040,MERIDIAN,MERIDIAN BERHAD,Property,Main Market,0.40,0.200,84.02,0.00,2.02,200.31
6181,MALTON,MALTON BERHAD,Property,Main Market,3.39,1.750,13.14,0.00,1.93,235.02
9717,SYCAL,SYCAL VENTURES BERHAD,Construction,Main Market,1.30,0.671,20.08,0.00,1.93,108.24
2216,IJMPLNT,IJM PLANTATIONS BERHAD,Plantation,Main Market,2.81,1.460,59.41,1.20,1.93,1470.57
7222,IMASPRO,IMASPRO CORPORATION BERHAD,Industrial Products & Services,Main Market,3.00,1.630,66.94,1.74,1.84,160.80
3158,YNHPROP,YNH PROPERTY BERHAD,Property,Main Market,4.34,2.360,62.75,0.92,1.84,1438.88
0058,JCBNEXT,JCBNEXT BERHAD,Industrial Products & Services,Main Market,4.30,2.350,30.23,3.08,1.83,174.36
7060,NHFATT,NEW HOONG FATT HOLDINGS BERHAD,Consumer Products & Services,Main Market,10.06,5.580,22.06,4.50,1.80,183.53
7028,ZECON,ZECON BERHAD,Construction,Main Market,3.11,1.730,14.61,0.00,1.80,65.57
6602,BCB,BCB BERHAD,Property,Main Market,2.07,1.180,15.93,0.00,1.76,136.13
9261,GADANG,GADANG HOLDINGS BHD,Construction,Main Market,1.94,1.120,20.33,2.53,1.73,287.58
5232,LEONFB,LEON FUAT BERHAD,Industrial Products & Services,Main Market,2.03,1.170,26.40,0.00,1.73,165.85
2453,KLUANG,KLUANG RUBBER COMPANY (MALAYA) BERHAD,Plantation,Main Market,17.32,10.005,19.63,0.29,1.73,214.79
2186,KUCHAI,KUCHAI DEVELOPMENT BERHAD,Financial Services,Main Market,5.84,3.402,27.06,0.73,1.72,195.52
0039,GFM,GFM SERVICES BERHAD,Industrial Products & Services,Ace Market,0.40,0.240,42.76,1.00,1.66,88.55
5072,HIAPTEK,HIAP TECK VENTURE BERHAD,Industrial Products & Services,Main Market,1.04,0.630,37.07,0.78,1.65,538.16
7157,CYL,CYL CORPORATION BERHAD,Industrial Products & Services,Main Market,1.07,0.653,44.31,1.05,1.64,47.50
7209,CHEETAH,CHEETAH HOLDINGS BERHAD,Consumer Products & Services,Main Market,1.83,1.120,58.53,0.00,1.63,136.55
3778,MELEWAR,MELEWAR INDUSTRIAL GROUP BERHAD,Industrial Products & Services,Main Market,1.52,0.930,29.68,0.00,1.63,161.74
5041,PBA,PBA HOLDINGS BHD,Utilities,Main Market,3.45,2.120,24.76,4.09,1.63,283.24
2569,SBAGAN,SUNGEI BAGAN RUBBER COMPANY (MALAYA) BERHAD,Plantation,Main Market,13.39,8.375,22.56,0.66,1.60,200.32
9385,LAYHONG,LAY HONG BERHAD,Consumer Products & Services,Main Market,0.81,0.520,40.82,2.27,1.55,217.90
7207,SUCCESS,SUCCESS TRANSFORMER CORPORATION BERHAD,Industrial Products & Services,Main Market,2.11,1.400,37.41,7.22,1.51,197.86
4723,JAKS,JAKS RESOURCES BERHAD,Construction,Main Market,2.30,1.540,32.97,0.00,1.50,1333.93
0101,TMCLIFE,TMC LIFE SCIENCES BERHAD,Health Care,Main Market,0.67,0.450,110.32,0.23,1.49,1288.99
8761,BREM,BREM HOLDING BERHAD,Construction,Main Market,2.53,1.700,31.99,0.00,1.49,279.83
7765,RAPID,RAPID SYNERGY BERHAD,Property,Main Market,2.03,1.370,393.54,0.00,1.48,855.17
0089,TEXCYCL,TEX CYCLE TECHNOLOGY (M) BERHAD,Industrial Products & Services,Ace Market,0.63,0.426,68.64,0.00,1.47,110.16
0083,NOTION,NOTION VTEC BERHAD,Technology,Main Market,1.22,0.836,77.36,0.00,1.46,486.77
0189,MATANG,MATANG BERHAD,Plantations,Ace Market,0.15,0.100,54.99,1.88,1.45,144.80
7215,NIHSIN,NI HSIN RESOURCES BERHAD,Consumer Products & Services,Main Market,0.41,0.280,49.19,0.00,1.45,67.83
4006,ORIENT,ORIENTAL HOLDINGS BERHAD,Consumer Products & Services,Main Market,14.71,10.296,35.68,5.71,1.43,3257.07
5020,GLOMAC,GLOMAC BERHAD,Property,Main Market,1.93,1.440,15.58,3.33,1.34,240.03
7252,TEOSENG,TEO SENG CAPITAL BERHAD,Consumer Products & Services,Main Market,1.40,1.050,56.46,7.59,1.33,237.01
5797,CHOOBEE,CHOO BEE METAL INDUSTRIES BHD,Industrial Products & Services,Main Market,5.18,3.890,28.40,0.00,1.33,193.59
1694,MENANG,MENANG CORPORATION (M) BERHAD,Property,Main Market,0.89,0.673,59.32,0.00,1.33,254.82
9148,ADVPKG,ADVANCED PACKAGING TECHNOLOGY (M) BHD,Industrial Products & Services,Main Market,2.05,1.550,129.37,0.00,1.32,54.34
5111,TWRREIT,TOWER REAL ESTATE INVESTMENT TRUST,Real Estate Investment Trusts,Main Market,2.49,1.900,22.89,4.26,1.31,159.89
8419,PANSAR,PANSAR BERHAD,Industrial Products & Services,Main Market,0.46,0.370,162.00,2.00,1.25,347.01
5284,LCTITAN,LOTTE CHEMICAL TITAN HOLDING BERHAD,Industrial Products & Services,Main Market,6.44,5.190,36.19,3.00,1.24,5377.15
5212,PAVREIT,PAVILION REAL ESTATE INVESTMENT TRUST,Real Estate Investment Trusts,Main Market,1.52,1.242,89.36,3.04,1.23,4141.62
4936,MALPAC,MALPAC HOLDINGS BERHAD,Plantation,Main Market,2.70,2.240,30.74,0.00,1.21,62.25
9288,BONIA,BONIA CORPORATION BERHAD,Consumer Products & Services,Main Market,2.08,1.920,38.52,2.31,1.08,161.26
2984,FACBIND,FACB INDUSTRIES INCORPORATED BERHAD,Industrial Products & Services,Main Market,2.85,2.710,52.28,0.00,1.05,126.89
7183,IQZAN,IQZAN HOLDING BERHAD,Industrial Products & Services,Main Market,0.18,0.170,70.45,0.00,1.04,23.11
5129,MELATI,MELATI EHSAN HOLDINGS BERHAD,Construction,Main Market,1.81,1.810,29.78,1.85,1.00,64.80
5247,KAREX,KAREX BERHAD,Consumer Products & Services,Main Market,0.46,0.480,165.01,1.32,0.96,800.63
2879,CCM,CHEMICAL COMPANY OF MALAYSIA BERHAD,Industrial Products & Services,Main Market,1.76,1.900,174.55,1.62,0.93,516.50
7528,DKLS,DKLS INDUSTRIES BHD,Construction,Main Market,4.08,4.400,36.27,2.03,0.93,137.20
5156,XDL,XIDELANG HOLDINGS LTD,Consumer Products & Services,Main Market,0.65,0.710,10.05,0.00,0.91,137.56
8893,MKLAND,MK LAND HOLDINGS BERHAD,Property,Main Market,0.88,0.990,18.70,6.06,0.89,199.20
7137,UMS,UMS HOLDINGS BERHAD,Industrial Products & Services,Main Market,3.35,3.910,57.36,3.12,0.86,78.12
7471,EDEN,EDEN INC. BERHAD,Utilities,Main Market,0.58,0.740,25.02,0.00,0.78,58.49
5237,MPHBCAP,MPHB CAPITAL BERHAD,Financial Services,Main Market,1.53,2.000,62.36,0.00,0.77,682.83
5081,EIG,ESTHETICS INTERNATIONAL GROUP BERHAD,Consumer Products & Services,Main Market,0.55,0.730,76.83,4.12,0.76,100.81
9008,OMESTI,OMESTI BERHAD,Technology,Main Market,0.26,0.349,231.31,0.00,0.75,321.99
0109,SCBUILD,SC ESTATE BUILDER BERHAD,Construction,Ace Market,0.03,0.038,196.62,0.00,0.74,52.69
0226,ANEKA,ANEKA JARINGAN HOLDINGS BERHAD,Construction,Ace Market,0.35,0.246,83.45,0.00,0.71,156.05
7071,OCR,OCR GROUP BERHAD,Construction,Main Market,0.22,0.340,115.16,0.00,0.64,114.35
9571,MITRA,MITRAJAYA HOLDINGS BERHAD,Construction,Main Market,0.58,0.910,45.10,0.00,0.63,217.40
7174,CAB,CAB CAKARAN CORPORATION BERHAD,Consumer Products & Services,Main Market,0.42,0.670,104.62,0.57,0.62,300.37
6742,YTLPOWR,YTL POWER INTERNATIONAL BHD,Utilities,Main Market,0.91,1.580,75.42,0.00,0.57,5588.37
5281,ADVCON,ADVANCECON HOLDINGS BERHAD,Construction,Main Market,0.26,0.460,142.02,2.67,0.57,151.96
2038,NSOP,NEGRI SEMBILAN OIL PALMS BERHAD,Plantation,Main Market,4.22,7.650,73.05,1.95,0.55,216.22
4251,IBHD,I-BERHAD,Property,Main Market,0.54,1.010,42.60,3.04,0.53,257.26
9695,PLS,PLS PLANTATIONS BERHAD,Plantation,Main Market,0.30,0.561,432.07,0.00,0.53,515.46
5207,SBCCORP,SBC CORPORATION BERHAD,Property,Main Market,0.78,1.620,50.53,0.00,0.48,101.96
5075,PLENITU,PLENITUDE BERHAD,Property,Main Market,1.91,4.150,52.48,2.00,0.46,381.53
4359,TURIYA,TURIYA BERHAD,Technology,Main Market,0.24,0.530,136.15,0.00,0.45,74.34
8613,ENRA,ENRA GROUP BERHAD,Property,Main Market,0.36,0.880,159.60,2.16,0.41,79.00
5243,VELESTO,VELESTO ENERGY BERHAD,Energy,Main Market,0.14,0.347,101.33,0.00,0.41,1191.26
0211,TASHIN,TASHIN HOLDINGS BERHAD,Industrial Products & Services,Ace Market,0.20,0.550,201.24,0.00,0.36,137.85
1589,IWCITY,ISKANDAR WATERFRONT CITY BERHAD,Property,Main Market,0.34,0.960,136.96,0.00,0.35,389.39
7003,Y,Y&G CORPORATION BHD,Property,Main Market,0.45,1.340,120.03,0.00,0.34,119.07
7609,AJIYA,AJIYA BERHAD,Industrial Products & Services,Main Market,0.39,1.190,141.46,0.00,0.33,169.04
5576,MINHO,MINHO (M) BERHAD,Industrial Products & Services,Main Market,0.31,1.100,109.75,0.00,0.28,115.78
9121,KPSCB,KPS CONSORTIUM BERHAD,Industrial Products & Services,Main Market,0.36,1.840,160.99,0.00,0.19,85.00
5056,ENGTEX,ENGTEX GROUP BERHAD,Industrial Products & Services,Main Market,0.30,1.580,214.40,0.95,0.19,288.16
5007,CHINWEL,CHIN WELL HOLDINGS BERHAD,Industrial Products & Services,Main Market,0.29,1.970,353.81,1.46,0.15,308.52
3476,KSENG,KECK SENG (MALAYSIA) BERHAD,Industrial Products & Services,Main Market,0.81,6.060,444.63,0.00,0.13,1308.55
7121,XIANLNG,XIAN LENG HOLDINGS BERHAD,Consumer Products & Services,Main Market,0.00,0.620,"19,684.43",0.00,0.01,78.74
0159,AMEDIA,ASIA MEDIA GROUP BERHAD,Telecommunications & Media,Main Market,-0.20,-1.770,-68.78,0.00,0.00,32.33
7182,EKA,EKA NOODLES BERHAD,Consumer Products & Services,Main Market,-0.47,-0.110,-14.77,0.00,0.00,21.84
5229,CAP,CHINA AUTOMOBILE PARTS HOLDINGS LIMITED,Industrial Products & Services,Main Market,-0.07,-0.002,-14.10,0.00,0.00,13.62
0045,GNB,G NEPTUNE BERHAD,Technology,Ace Market,-0.85,-0.024,-1.76,0.00,0.00,4.33
4847,KTB,KONSORTIUM TRANSNASIONAL BERHAD,Consumer Products & Services,Main Market,-8.38,-0.110,-1.67,0.00,0.00,56.39
9474,BRAHIMS,BRAHIM'S HOLDINGS BERHAD,Consumer Products & Services,Main Market,-20.69,-0.050,-1.21,0.00,0.00,59.07
9806,NATWIDE,NATIONWIDE EXPRESS HOLDINGS BERHAD,Transportation & Logistics,Main Market,-32.68,-0.150,-0.99,0.00,0.00,40.05
8346,PRKCORP,PERAK CORPORATION BERHAD,Transportation & Logistics,Main Market,-70.97,-0.430,-0.53,0.00,0.00,37.50
0091,DAYA,DAYA MATERIALS BERHAD,Energy,Main Market,-1.98,-0.101,-0.51,0.00,0.00,20.43
6203,KHEESAN,KHEE SAN BERHAD,Consumer Products & Services,Main Market,-83.79,-0.120,-0.33,0.00,0.00,32.03
5238,AAX,AIRASIA X BERHAD,Consumer Products & Services,Main Market,-30.36,-0.280,-0.23,0.00,0.00,290.37
5060,KINSTEL,KINSTEEL BHD,Industrial Products & Services,Main Market,-2.60,-0.760,-0.19,0.00,0.00,5.25
7158,SCOMI,SCOMI GROUP BERHAD,Energy,Main Market,-24.68,-0.220,-0.10,0.00,0.00,27.35
7251,BARAKAH,BARAKAH OFFSHORE PETROLEUM BERHAD,Energy,Main Market,3.34,-0.186,1.35,0.00,0.00,37.61
7173,TOYOVEN,TOYO VENTURES HOLDINGS BERHAD,Industrial Products & Services,Main Market,3.14,0.000,81.97,0.78,0.00,275.00
4081,PMCORP,PAN MALAYSIA CORPORATION BERHAD,Consumer Products & Services,Main Market,-0.02,0.402,-713.87,0.00,-0.04,92.80
0181,AEMULUS,AEMULUS HOLDINGS BERHAD,Technology,Ace Market,-0.02,0.190,"-5,336.92",0.00,-0.09,581.72
7133,ULICORP,UNITED U-LI CORPORATION BERHAD,Industrial Products & Services,Main Market,-0.15,1.313,-871.20,0.77,-0.11,283.14
8052,CGB,CENTRAL GLOBAL BERHAD,Industrial Products & Services,Main Market,-0.08,0.530,"-1,748.57",0.00,-0.15,122.40
0131,DGSB,DIVERSIFIED GATEWAY SOLUTIONS BERHAD,Technology,Ace Market,-0.86,5.710,-18.70,2.50,-0.15,119.32
5104,CNI,CNI HOLDINGS BERHAD,Consumer Products & Services,Main Market,-0.02,0.100,-423.53,0.00,-0.21,64.80
5253,ECONBHD,ECONPILE HOLDINGS BERHAD,Construction,Main Market,-0.07,0.300,-688.11,0.00,-0.22,637.88
8877,EKOVEST,EKOVEST BERHAD,Construction,Main Market,-0.20,0.930,-223.63,1.10,-0.22,1226.60
5148,UEMS,UEM SUNRISE BERHAD,Property,Main Market,-0.35,1.550,-114.32,0.00,-0.23,2048.68
7115,SKBSHUT,SKB SHUTTERS CORPORATION BERHAD,Industrial Products & Services,Main Market,-0.87,2.070,-112.39,0.00,-0.42,39.00
5225,IHH,IHH HEALTHCARE BERHAD,Health Care,Main Market,-1.02,2.420,-502.14,0.78,-0.42,45114.91
8532,PERTAMA,PERTAMA DIGITAL BERHAD,Consumer Products & Services,Main Market,-0.13,0.300,-300.62,0.00,-0.43,166.84
5239,TITIJYA,TITIJAYA LAND BERHAD,Property,Main Market,-0.36,0.850,-109.90,0.00,-0.43,543.36
7170,LFECORP,LFE CORPORATION BERHAD,Industrial Products & Services,Main Market,-0.07,0.160,-306.60,0.00,-0.46,55.19
6084,STAR,STAR MEDIA GROUP BERHAD,Telecommunications & Media,Main Market,-0.51,1.090,-67.50,5.80,-0.47,254.80
7036,BORNOIL,BORNEO OIL BERHAD,Industrial Products & Services,Main Market,-0.06,0.120,-70.87,0.00,-0.47,271.13
0025,YBS,YBS INTERNATIONAL BERHAD,Industrial Products & Services,Ace Market,-0.12,0.250,-327.60,0.00,-0.49,99.26
5109,YTLREIT,YTL HOSPITALITY REIT,Real Estate Investment Trusts,Main Market,-0.79,1.512,-108.49,7.81,-0.52,1465.77
5015,APM,APM AUTOMOTIVE HOLDINGS BERHAD,Industrial Products & Services,Main Market,-3.36,6.350,-71.16,4.18,-0.53,481.82
9741,ROHAS,ROHAS TECNIC BERHAD,Industrial Products & Services,Main Market,-0.37,0.690,-98.13,2.78,-0.53,170.16
8397,TNLOGIS,TIONG NAM LOGISTICS HOLDINGS BERHAD,Transportation & Logistics,Main Market,-0.83,1.530,-106.27,0.00,-0.54,464.49
7285,TOMYPAK,TOMYPAK HOLDINGS BERHAD,Industrial Products & Services,Main Market,-0.24,0.440,-308.74,0.00,-0.55,320.78
5170,SCABLE,SARAWAK CABLE BERHAD,Industrial Products & Services,Main Market,-27.97,46.000,-1.57,0.00,-0.61,139.50
5073,NAIM,NAIM HOLDINGS BERHAD,Property,Main Market,-1.63,2.600,-45.61,13.29,-0.63,382.78
0086,YGL,YGL CONVERGENCE BERHAD,Technology,Ace Market,-2.96,4.640,-5.73,0.00,-0.64,43.44
4758,ANCOM,ANCOM BERHAD,Industrial Products & Services,Main Market,-0.94,1.430,-125.20,0.00,-0.66,298.48
8567,SALCON,SALCON BERHAD,Utilities,Main Market,-0.40,0.510,-56.52,0.00,-0.78,227.79
0111,K1,K-ONE TECHNOLOGY BERHAD,Technology,Ace Market,-0.12,0.149,-266.30,0.00,-0.80,256.98
3662,MFLOUR,MALAYAN FLOUR MILLS BERHAD,Consumer Products & Services,Main Market,-0.85,1.050,-121.39,2.91,-0.81,1043.86
7131,ACME,ACME HOLDINGS BERHAD,Property,Main Market,-0.27,0.320,-93.94,0.00,-0.83,76.94
1201,SUMATEC,SUMATEC RESOURCES BERHAD,Energy,Main Market,-0.10,0.120,-4.92,0.00,-0.85,21.26
0176,KRONO,KRONOLOGI ASIA BERHAD,Technology,Ace Market,-0.39,0.460,-224.85,0.00,-0.86,463.19
3573,LIENHOE,LIEN HOE CORPORATION BERHAD,Property,Main Market,-1.18,1.340,-27.05,0.00,-0.88,115.76
0162,WIDAD,WIDAD GROUP BERHAD,Construction,Ace Market,-0.06,0.070,-790.91,0.00,-0.89,1269.42
2135,GOPENG,GOPENG BERHAD,Plantation,Main Market,-0.98,1.040,-64.97,3.94,-0.94,170.81
5121,HEKTAR,HEKTAR REAL ESTATE INVESTMENT TRUST,Real Estate Investment Trusts,Main Market,-1.27,1.328,-45.75,13.40,-0.95,267.94
7811,SAPIND,SAPURA INDUSTRIAL BERHAD,Industrial Products & Services,Main Market,-1.42,1.420,-61.06,2.30,-1.00,63.32
9334,KESM,KESM INDUSTRIES BERHAD,Technology,Main Market,-8.53,8.307,-198.65,0.44,-1.03,728.67
3816,MISC,MISC BERHAD,Transportation & Logistics,Main Market,-7.82,7.390,-83.24,5.07,-1.06,29059.29
5070,PRTASCO,PROTASCO BERHAD,Construction,Main Market,-0.73,0.675,-36.42,0.00,-1.08,131.28
0048,ANCOMLB,ANCOM LOGISTICS BERHAD,Transportation & Logistics,Ace Market,-0.06,0.050,-714.39,0.00,-1.12,189.31
7943,SNC,SAND NISKO CAPITAL BERHAD,Consumer Products & Services,Main Market,-0.41,0.330,-88.72,0.00,-1.25,31.32
0056,GRANFLO,GRAND-FLO BERHAD,Technology,Main Market,-0.25,0.202,-130.27,0.00,-1.26,174.95
7096,GPA,GPA HOLDINGS BERHAD,Industrial Products & Services,Main Market,-0.14,0.110,-50.22,0.00,-1.27,107.07
0191,CABNET,CABNET HOLDINGS BERHAD,Technology,Ace Market,-0.34,0.263,-70.68,0.00,-1.29,42.90
5622,PEB,PIMPINAN EHSAN BERHAD,Construction,Main Market,-1.32,1.020,-74.79,0.00,-1.30,68.43
5048,YILAI,YI-LAI BERHAD,Industrial Products & Services,Main Market,-1.75,1.340,-68.42,0.00,-1.31,174.68
5108,ICAP,ICAPITAL.BIZ BERHAD,Closed-End Fund,Main Market,-4.15,3.010,-48.95,0.00,-1.38,284.20
8494,LBICAP,LBI CAPITAL BERHAD,Property,Main Market,-1.91,1.370,-41.68,3.77,-1.39,81.86
0093,SOLUTN,SOLUTION GROUP BERHAD,Technology,Ace Market,-0.18,0.124,-708.84,0.00,-1.47,499.03
7117,CJCEN,CJ CENTURY LOGISTICS HOLDINGS BERHAD,Transportation & Logistics,Main Market,-1.05,0.700,-55.82,0.00,-1.50,347.62
6149,METROD,METROD HOLDINGS BERHAD,Industrial Products & Services,Main Market,-5.15,3.397,-27.20,4.29,-1.52,168.00
0119,APPASIA,APPASIA BERHAD,Technology,Ace Market,-0.12,0.080,-563.86,0.00,-1.52,246.97
3042,PETRONM,PETRON MALAYSIA REFINING & MARKETING BHD,Energy,Main Market,-9.77,6.290,-52.74,2.33,-1.55,1390.50
3182,GENTING,GENTING BERHAD,Consumer Products & Services,Main Market,-13.42,8.630,-33.31,4.92,-1.56,17329.73
7374,TIENWAH,TIEN WAH PRESS HOLDINGS BERHAD,Industrial Products & Services,Main Market,-3.11,1.990,-28.28,6.25,-1.56,127.37
7186,SWSCAP,SWS CAPITAL BERHAD,Consumer Products & Services,Main Market,-0.78,0.496,-99.86,0.00,-1.56,163.97
4677,YTL,YTL CORPORATION BERHAD,Utilities,Main Market,-1.85,1.170,-36.77,0.00,-1.58,7495.48
5022,PAOS,PAOS HOLDINGS BERHAD,Consumer Products & Services,Main Market,-0.84,0.510,-35.85,5.33,-1.64,54.35
7086,ABLEGRP,ABLEGROUP BERHAD,Industrial Products & Services,Main Market,-0.26,0.160,-47.60,0.00,-1.64,32.99
9628,LEBTECH,LEBTECH BERHAD,Construction,Main Market,-1.56,0.939,-63.99,0.00,-1.66,136.48
7004,MCEHLDG,MCE HOLDINGS BERHAD,Industrial Products & Services,Main Market,-2.79,1.656,-55.19,0.00,-1.68,75.22
7165,KTG,KTG BERHAD,Industrial Products & Services,Main Market,-0.79,0.469,-27.14,0.00,-1.69,65.63
6572,KWANTAS,KWANTAS CORPORATION BERHAD,Plantation,Main Market,-6.17,3.636,-26.59,0.00,-1.70,511.15
9407,PARAGON,PARAGON UNION BERHAD,Consumer Products & Services,Main Market,-0.98,0.570,-231.97,0.00,-1.72,158.90
5192,KSSC,K. SENG SENG CORPORATION BERHAD,Industrial Products & Services,Main Market,-1.43,0.810,-42.91,0.00,-1.77,70.85
7412,SHH,SHH RESOURCES HOLDINGS BERHAD,Consumer Products & Services,Main Market,-2.34,1.320,-45.34,0.00,-1.77,53.00
5242,SOLID,SOLID AUTOMOTIVE BERHAD,Consumer Products & Services,Main Market,-0.67,0.370,-30.73,0.00,-1.80,106.47
5188,CNOUHUA,CHINA OUHUA WINERY HOLDINGS LIMITED,Consumer Products & Services,Main Market,-0.33,0.180,-15.27,0.00,-1.82,33.40
5087,MYCRON,MYCRON STEEL BERHAD,Industrial Products & Services,Main Market,-2.17,1.190,-25.55,0.00,-1.83,181.52
7094,EUROSP,EUROSPAN HOLDINGS BERHAD,Consumer Products & Services,Main Market,-1.84,0.963,-45.46,0.00,-1.91,37.09
9091,EMICO,EMICO HOLDINGS BERHAD,Consumer Products & Services,Main Market,-0.80,0.420,-39.81,0.00,-1.91,36.79
9938,BRIGHT,BRIGHT PACKAGING INDUSTRY BERHAD,Industrial Products & Services,Main Market,-1.08,0.560,-22.71,0.00,-1.93,50.31
3395,BJCORP,BERJAYA CORPORATION BERHAD,Industrial Products & Services,Main Market,-2.41,1.248,-7.47,0.00,-1.93,945.99
7201,PICORP,PROGRESSIVE IMPACT CORPORATION BERHAD,Industrial Products & Services,Main Market,-0.22,0.110,-45.07,5.50,-2.02,65.80
1007,AMPROP,AMCORP PROPERTIES BERHAD,Property,Main Market,-2.85,1.400,-14.37,7.32,-2.04,300.59
0059,ECOHLDS,ECOBUILT HOLDINGS BERHAD,Telecommunications & Media,Main Market,-0.71,0.348,-27.99,0.00,-2.05,68.98
7246,SIGN,SIGNATURE INTERNATIONAL BERHAD,Consumer Products & Services,Main Market,-1.42,0.690,-34.05,0.00,-2.06,127.42
0133,SANICHI,SANICHI TECHNOLOGY BERHAD,Industrial Products & Services,Ace Market,-0.41,0.190,-8.50,0.00,-2.17,70.17
5090,MEDIAC,MEDIA CHINESE INTERNATIONAL LIMITED,Telecommunications & Media,Main Market,-0.88,0.398,-19.25,6.35,-2.22,286.83
1198,MAA,MAA GROUP BERHAD,Financial Services,Main Market,-4.10,1.850,-17.30,0.00,-2.22,187.25
9318,FITTERS,FITTERS DIVERSIFIED BERHAD,Industrial Products & Services,Main Market,-1.75,0.774,-12.55,0.00,-2.26,105.71
8044,CFM,COMPUTER FORMS (MALAYSIA) BERHAD,Industrial Products & Services,Main Market,-2.55,1.090,-97.90,0.00,-2.34,102.50
3948,DUTALND,DUTALAND BERHAD,Plantation,Main Market,-3.52,1.480,-9.96,2.86,-2.38,296.14
2224,SDRED,SELANGOR DREDGING BERHAD,Property,Main Market,-4.68,1.953,-11.65,0.00,-2.39,232.24
4219,BJLAND,BERJAYA LAND BERHAD,Consumer Products & Services,Main Market,-1.96,0.810,-8.91,0.00,-2.42,875.06
1619,DRBHCOM,DRB-HICOM BERHAD,Consumer Products & Services,Main Market,-8.23,3.390,-22.10,1.10,-2.43,3518.49
0170,KANGER,KANGER INTERNATIONAL BERHAD,Consumer Products & Services,Ace Market,-0.26,0.108,-41.66,0.00,-2.45,254.43
7080,PERMAJU,PERMAJU INDUSTRIES BERHAD,Consumer Products & Services,Main Market,-1.27,0.510,-10.63,0.00,-2.49,82.08
7544,QUALITY,QUALITY CONCRETE HOLDINGS BERHAD,Industrial Products & Services,Main Market,-4.40,1.750,-21.49,0.00,-2.51,54.77
1503,GUOCO,GUOCOLAND (MALAYSIA) BERHAD,Property,Main Market,-4.61,1.826,-13.00,0.00,-2.53,420.28
8591,CRESBLD,CREST BUILDER HOLDINGS BERHAD,Construction,Main Market,-7.60,2.940,-8.95,5.15,-2.58,120.31
2607,INCKEN,INCH KENNETH KAJANG RUBBER PUBLIC LTD CO,Plantation,Main Market,-4.17,1.610,-12.11,2.10,-2.59,212.48
8664,SPSETIA,S P SETIA BERHAD,Property,Main Market,-7.55,2.890,-11.98,1.10,-2.61,3671.34
5196,BJFOOD,BERJAYA FOOD BERHAD,Consumer Products & Services,Main Market,-2.63,0.996,-60.50,0.63,-2.64,608.19
2682,AISB,AMALGAMATED INDUSTRIAL STEEL BERHAD,Property,Main Market,-2.58,0.959,-10.68,0.00,-2.69,39.71
8907,EG,EG INDUSTRIES BERHAD,Industrial Products & Services,Main Market,-3.15,1.170,-29.05,0.00,-2.69,345.55
7889,THRIVEN,THRIVEN GLOBAL BERHAD,Property,Main Market,-0.95,0.350,-18.94,0.00,-2.72,98.45
6041,FARLIM,FARLIM GROUP (MALAYSIA) BHD,Property,Main Market,-2.80,1.030,-10.36,0.00,-2.72,48.83
7190,PPG,PELANGI PUBLISHING GROUP BHD.,Telecommunications & Media,Main Market,-2.65,0.970,-14.34,2.63,-2.73,38.02
5047,NPC,NPC RESOURCES BERHAD,Plantation,Main Market,-11.32,4.130,-16.78,0.00,-2.74,228.00
9539,MUH,MULTI-USAGE HOLDINGS BERHAD,Property,Main Market,-3.14,1.140,-22.42,0.00,-2.76,39.78
5182,MCT,MCT BERHAD,Property,Main Market,-1.67,0.594,-11.08,0.00,-2.81,269.54
7070,VIZIONE,VIZIONE HOLDINGS BERHAD,Construction,Main Market,-2.38,0.817,-10.69,0.00,-2.92,201.07
7134,PWF,PWF CORPORATION BERHAD,Consumer Products & Services,Main Market,-5.15,1.760,-9.52,0.00,-2.93,85.27
3611,PGLOBE,PARAGON GLOBE BERHAD,Property,Main Market,-3.76,1.280,-15.02,0.00,-2.94,105.46
9679,WCT,WCT HOLDINGS BERHAD,Construction,Main Market,-6.68,2.230,-6.66,0.00,-3.00,631.08
8672,KAMDAR,KAMDAR GROUP (M) BERHAD,Consumer Products & Services,Main Market,-3.34,1.090,-7.77,0.00,-3.07,51.48
5098,MASTEEL,MALAYSIA STEEL WORKS (KL) BHD,Industrial Products & Services,Main Market,-4.91,1.590,-11.39,0.00,-3.09,253.53
6637,PNEPCB,PNE PCB BERHAD,Industrial Products & Services,Main Market,-1.26,0.400,-20.17,0.00,-3.16,91.81
0203,SMETRIC,SECUREMETRIC BERHAD,Technology,Ace Market,-0.25,0.078,-64.05,0.00,-3.19,85.77
5101,EVERGRN,EVERGREEN FIBREBOARD BERHAD,Industrial Products & Services,Main Market,-4.28,1.340,-10.28,0.00,-3.19,372.43
5275,MYNEWS,MYNEWS HOLDINGS BERHAD,Consumer Products & Services,Main Market,-1.35,0.420,-45.53,0.00,-3.22,419.52
4405,TCHONG,TAN CHONG MOTOR HOLDINGS BERHAD,Consumer Products & Services,Main Market,-14.43,4.470,-7.62,3.64,-3.23,739.20
0037,RGB,RGB INTERNATIONAL BHD,Consumer Products & Services,Main Market,-0.49,0.150,-26.42,2.31,-3.28,201.27
7935,MILUX,MILUX CORPORATION BERHAD,Consumer Products & Services,Main Market,-2.30,0.700,-123.69,0.00,-3.29,167.48
5267,XINHWA,XIN HWA HOLDINGS BERHAD,Transportation & Logistics,Main Market,-2.70,0.820,-14.05,0.00,-3.30,84.13
5517,SHANG,SHANGRI-LA HOTELS (MALAYSIA) BERHAD,Consumer Products & Services,Main Market,-7.27,2.190,-53.66,3.85,-3.32,1716.00
6009,P,PACIFIC & ORIENT BERHAD,Financial Services,Main Market,-3.43,1.010,-28.00,6.51,-3.39,275.59
7498,RALCO,RALCO CORPORATION BERHAD,Industrial Products & Services,Main Market,-2.75,0.810,-32.70,0.00,-3.40,45.72
6807,PUNCAK,PUNCAK NIAGA HOLDINGS BERHAD,Construction,Main Market,-9.70,2.840,-3.92,0.00,-3.42,170.73
4456,DNEX,DAGANG NEXCHANGE BERHAD,Technology,Main Market,-0.89,0.260,-58.77,0.00,-3.44,1043.75
7055,PLB,PLB ENGINEERING BERHAD,Property,Main Market,-4.41,1.280,-25.62,0.00,-3.45,127.01
0160,HHHCORP,HIAP HUAT HOLDINGS BERHAD,Industrial Products & Services,Ace Market,-0.66,0.190,-15.94,0.00,-3.47,35.00
5288,SIMEPROP,SIME DARBY PROPERTY BERHAD,Property,Main Market,-4.70,1.350,-12.75,5.00,-3.48,4080.50
0217,PWRWELL,POWERWELL HOLDINGS BERHAD,Industrial Products & Services,Ace Market,-0.45,0.130,-55.10,0.00,-3.49,145.14
5180,CMMT,CAPITALAND MALAYSIA MALL TRUST,Real Estate Investment Trusts,Main Market,-4.09,1.164,-14.90,4.92,-3.52,1258.95
5916,MSC,MALAYSIA SMELTING CORPORATION BERHAD,Industrial Products & Services,Main Market,-3.23,0.910,-77.11,0.80,-3.55,996.00
2593,UMCCA,UNITED MALACCA BERHAD,Plantation,Main Market,-22.44,6.260,-22.37,1.59,-3.59,1053.04
5265,DOLPHIN,DOLPHIN INTERNATIONAL BERHAD,Industrial Products & Services,Main Market,-0.26,0.072,-28.80,0.00,-3.62,60.01
7016,CHUAN,CHUAN HUAT RESOURCES BHD,Industrial Products & Services,Main Market,-6.41,1.750,-6.87,0.00,-3.66,74.22
9946,REX,REX INDUSTRY BERHAD,Consumer Products & Services,Main Market,-1.54,0.410,-14.90,0.00,-3.76,113.45
0010,IRIS,IRIS CORPORATION BERHAD,Technology,Ace Market,-0.36,0.095,-104.62,0.00,-3.78,1140.48
6904,SUBUR,SUBUR TIASA HOLDINGS BERHAD,Industrial Products & Services,Main Market,-11.09,2.880,-6.77,0.00,-3.85,156.75
7014,YLI,YLI HOLDINGS BERHAD,Industrial Products & Services,Main Market,-4.52,1.160,-8.08,0.00,-3.89,37.58
7146,AEM,AE MULTI HOLDINGS BERHAD,Industrial Products & Services,Main Market,-0.61,0.150,-14.02,0.00,-4.04,47.16
0079,ORION,ORION IXL BERHAD,Technology,Ace Market,-0.54,0.132,-12.93,0.00,-4.11,59.96
0050,SYSTECH,SYSTECH BHD,Technology,Ace Market,-0.61,0.146,-34.57,0.95,-4.15,73.02
7382,GLBHD,GOLDEN LAND BERHAD,Plantation,Main Market,-7.60,1.830,-5.46,0.00,-4.15,92.51
0064,EFFICEN,EFFICIENT E-SOLUTIONS BERHAD,Industrial Products & Services,Main Market,-0.76,0.180,-20.38,0.00,-4.23,109.92
5199,HIBISCS,HIBISCUS PETROLEUM BERHAD,Energy,Main Market,-3.17,0.750,-20.82,0.00,-4.23,1154.70
0123,PRIVA,PRIVASIA TECHNOLOGY BERHAD,Telecommunications & Media,Ace Market,-0.48,0.110,-29.43,0.00,-4.32,85.96
1651,MRCB,MALAYSIAN RESOURCES CORPORATION BERHAD,Property,Main Market,-4.47,1.031,-9.29,2.41,-4.33,1831.00
0055,SERSOL,SERSOL BERHAD,Industrial Products & Services,Ace Market,-0.30,0.070,-74.20,0.00,-4.33,48.45
0169,SMTRACK,SMTRACK BERHAD,Technology,Ace Market,-0.47,0.104,-38.44,0.00,-4.50,76.66
0029,DIGISTA,DIGISTAR CORPORATION BERHAD,Technology,Main Market,-0.32,0.070,-23.63,0.00,-4.54,59.14
5014,AIRPORT,MALAYSIA AIRPORTS HOLDINGS BERHAD,Transportation & Logistics,Main Market,-24.21,5.307,-22.93,2.70,-4.56,9208.51
7197,GESHEN,GE-SHEN CORPORATION BERHAD,Industrial Products & Services,Main Market,-4.00,0.870,-33.49,0.00,-4.60,147.43
9431,SJC,SENI JAYA CORPORATION BERHAD,Telecommunications & Media,Main Market,-5.78,1.250,-25.42,0.00,-4.63,59.58
7676,GCAP,G CAPITAL BERHAD,Transportation & Logistics,Main Market,-1.84,0.394,-50.73,0.00,-4.68,287.35
7079,TIGER,TIGER SYNERGY BERHAD,Property,Main Market,-0.94,0.200,-11.74,0.00,-4.68,161.55
4383,JTIASA,JAYA TIASA HOLDINGS BHD,Plantation,Main Market,-5.59,1.180,-13.68,0.00,-4.74,744.89
7208,EURO,EURO HOLDINGS BERHAD,Consumer Products & Services,Main Market,-1.03,0.216,-384.17,0.00,-4.76,3175.52
5738,CHHB,COUNTRY HEIGHTS HOLDINGS BHD,Property,Main Market,-14.05,2.940,-10.32,0.00,-4.78,399.78
5197,FLBHD,FOCUS LUMBER BERHAD,Industrial Products & Services,Main Market,-8.11,1.660,-10.61,5.81,-4.88,91.92
5592,GCE,GRAND CENTRAL ENTERPRISES BHD,Consumer Products & Services,Main Market,-5.10,1.040,-7.16,0.00,-4.90,71.91
9342,ANZO,ANZO HOLDINGS BERHAD,Industrial Products & Services,Main Market,-0.74,0.151,-10.76,0.00,-4.93,89.29
8648,JASKITA,JASA KITA BERHAD,Industrial Products & Services,Main Market,-0.70,0.140,-14.99,0.00,-5.00,47.20
5000,HUMEIND,HUME CEMENT INDUSTRIES BERHAD,Industrial Products & Services,Main Market,-4.10,0.800,-22.92,0.00,-5.13,470.51
7617,MAGNA,MAGNA PRIMA BERHAD,Property,Main Market,-7.50,1.410,-8.53,0.00,-5.32,214.34
8141,MJPERAK,MAJUPERAK HOLDINGS BERHAD,Property,Main Market,-3.39,0.630,-11.81,0.00,-5.38,113.31
2054,TDM,TDM BERHAD,Plantation,Main Market,-2.36,0.430,-11.86,0.00,-5.49,482.41
8702,TEXCHEM,TEXCHEM RESOURCES BERHAD,Industrial Products & Services,Main Market,-10.47,1.885,-5.78,0.00,-5.55,75.08
5021,AYS,AYS VENTURES BERHAD,Industrial Products & Services,Main Market,-3.68,0.660,-7.34,0.00,-5.57,102.71
7139,NICE,NICHE CAPITAL EMAS HOLDINGS BERHAD,Consumer Products & Services,Main Market,-0.28,0.050,-77.90,0.00,-5.65,160.93
7010,HOOVER,GRAND HOOVER BERHAD,Property,Main Market,-5.99,1.060,-29.38,0.00,-5.65,70.40
5187,HBGLOB,HB GLOBAL LIMITED,Consumer Products & Services,Main Market,-2.38,0.420,-8.61,0.00,-5.67,95.94
1643,LANDMRK,LANDMARKS BERHAD,Consumer Products & Services,Main Market,-18.74,3.290,-1.79,0.00,-5.70,194.90
3794,MCEMENT,MALAYAN CEMENT BERHAD,Industrial Products & Services,Main Market,-15.48,2.690,-14.40,0.00,-5.76,1894.82
7108,PERDANA,PERDANA PETROLEUM BERHAD,Energy,Main Market,-2.25,0.390,-7.33,0.00,-5.77,365.52
0103,MNC,M N C WIRELESS BERHAD,Telecommunications & Media,Ace Market,-0.35,0.060,-14.40,0.00,-5.79,87.94
4944,NYLEX,NYLEX (MALAYSIA) BERHAD,Industrial Products & Services,Main Market,-9.97,1.700,-6.57,0.00,-5.87,127.29
0026,NOVAMSC,NOVA MSC BERHAD,Technology,Ace Market,-0.43,0.073,-19.65,0.00,-5.90,93.57
0072,AT,AT SYSTEMATIZATION BERHAD,Industrial Products & Services,Ace Market,-0.35,0.058,-46.21,0.00,-5.96,676.66
5371,KIMHIN,KIM HIN INDUSTRY BERHAD,Industrial Products & Services,Main Market,-17.24,2.870,-4.52,2.56,-6.01,121.38
7054,AASIA,ASTRAL ASIA BERHAD,Plantation,Main Market,-1.66,0.272,-7.83,0.00,-6.09,85.80
5254,BPLANT,BOUSTEAD PLANTATIONS BERHAD,Plantation,Main Market,-7.02,1.150,-7.76,0.92,-6.10,1220.80
4464,PHB,PEGASUS HEIGHTS BERHAD,Property,Main Market,-0.09,0.015,-33.25,0.00,-6.18,316.97
5175,IVORY,IVORY PROPERTIES GROUP BERHAD,Property,Main Market,-4.84,0.780,-3.21,0.00,-6.20,75.96
6378,WMG,WMG HOLDINGS BERHAD,Property,Main Market,-2.64,0.420,-4.73,0.00,-6.30,55.57
1902,PINEPAC,PINEHILL PACIFIC BERHAD,Plantation,Main Market,-8.90,1.380,-6.97,0.00,-6.45,92.88
8362,KYM,KYM HOLDINGS BERHAD,Industrial Products & Services,Main Market,-3.74,0.570,-10.41,0.00,-6.57,58.46
0041,HONGSENG,HONG SENG CONSOLIDATED BERHAD,Technology,Main Market,-1.42,0.214,-94.65,0.00,-6.61,696.80
5037,COMPUGT,COMPUGATES HOLDINGS BERHAD,Industrial Products & Services,Main Market,-0.26,0.040,-7.55,0.00,-6.62,57.63
3247,GUH,GUH HOLDINGS BERHAD,Industrial Products & Services,Main Market,-11.60,1.730,-4.74,0.00,-6.70,152.85
0183,SALUTE,SALUTICA BERHAD,Consumer Products & Services,Main Market,-2.43,0.357,-27.62,2.69,-6.79,259.96
3239,BJASSET,BERJAYA ASSETS BERHAD,Property,Main Market,-5.32,0.780,-6.57,0.00,-6.83,895.35
7082,SYF,SYF RESOURCES BERHAD,Consumer Products & Services,Main Market,-2.60,0.380,-13.45,0.00,-6.85,199.23
7066,YONGTAI,YONG TAI BERHAD,Property,Main Market,-3.63,0.530,-6.06,0.00,-6.85,269.46
7154,CAELY,CAELY HOLDINGS BHD,Consumer Products & Services,Main Market,-3.22,0.470,-11.17,0.00,-6.86,74.99
7250,UZMA,UZMA BERHAD,Energy,Main Market,-9.80,1.413,-5.81,0.00,-6.94,182.42
5036,EDARAN,EDARAN BERHAD,Technology,Main Market,-2.78,0.399,-18.72,0.00,-6.96,31.20
7773,EPMB,EP MANUFACTURING BHD,Industrial Products & Services,Main Market,-11.14,1.570,-3.68,0.00,-7.10,68.04
7005,BIG,B.I.G. INDUSTRIES BERHAD,Industrial Products & Services,Main Market,-3.88,0.540,-15.20,0.00,-7.19,31.21
4898,TA,TA ENTERPRISE BERHAD,Financial Services,Main Market,-9.60,1.330,-6.77,1.54,-7.22,1622.40
7692,WIDETEC,WIDETECH (MALAYSIA) BERHAD,Industrial Products & Services,Main Market,-5.85,0.790,-21.37,0.00,-7.40,55.94
5113,RSAWIT,RIMBUNAN SAWIT BERHAD,Plantation,Main Market,-1.57,0.210,-16.23,0.00,-7.48,520.64
6556,ANNJOO,ANN JOO RESOURCES BERHAD,Industrial Products & Services,Main Market,-15.48,2.050,-12.60,0.00,-7.55,1091.83
3565,WCEHB,WCE HOLDINGS BERHAD,Construction,Main Market,-6.33,0.834,-5.85,0.00,-7.58,511.66
4596,SAPRES,SAPURA RESOURCES BERHAD,Property,Main Market,-22.30,2.910,-2.20,0.00,-7.66,68.40
0035,OPCOM,OPCOM HOLDINGS BERHAD,Telecommunications & Media,Ace Market,-3.97,0.504,-20.14,0.00,-7.88,129.00
7048,ATLAN,ATLAN HOLDINGS BHD,Consumer Products & Services,Main Market,-13.65,1.730,-25.49,5.75,-7.89,882.70
0104,GENETEC,GENETEC TECHNOLOGY BERHAD,Technology,Ace Market,-14.27,1.790,-40.00,0.00,-7.97,255.42
7120,ACOSTEC,ACOUSTECH BERHAD,Property,Main Market,-3.91,0.490,-8.95,0.00,-7.98,94.61
7017,KOMARK,KOMARKCORP BERHAD,Industrial Products & Services,Main Market,-2.08,0.260,-20.65,0.00,-8.01,206.89
2674,ALCOM,ALCOM GROUP BERHAD,Industrial Products & Services,Main Market,-6.87,0.840,-7.93,0.00,-8.18,73.21
5210,ARMADA,BUMI ARMADA BERHAD,Energy,Main Market,-4.31,0.520,-8.70,0.00,-8.29,2207.21
6912,PASDEC,PASDEC HOLDINGS BERHAD,Property,Main Market,-6.34,0.760,-4.18,0.00,-8.34,106.10
2097,EASTLND,EASTLAND EQUITY BHD,Consumer Products & Services,Main Market,-4.17,0.500,-3.00,0.00,-8.34,40.54
7043,JADEM,JADE MARVEL GROUP BERHAD,Industrial Products & Services,Main Market,-5.62,0.670,-16.54,0.00,-8.39,117.91
0102,CONNECT,CONNECTCOUNTY HOLDINGS BERHAD,Industrial Products & Services,Ace Market,-0.60,0.070,-40.20,0.00,-8.53,165.37
7986,CNASIA,CN ASIA CORPORATION BHD,Industrial Products & Services,Main Market,-6.91,0.800,-24.31,0.00,-8.64,92.25
5252,SASBADI,SASBADI HOLDINGS BERHAD,Telecommunications & Media,Main Market,-3.06,0.350,-4.24,0.00,-8.75,54.48
2143,ECM,ECM LIBRA GROUP BERHAD,Financial Services,Main Market,-3.44,0.390,-6.39,0.00,-8.82,105.58
0006,PINEAPP,PINEAPPLE RESOURCES BERHAD,Technology,Ace Market,-4.19,0.460,-15.86,0.00,-9.11,32.25
7085,LTKM,LTKM BERHAD,Consumer Products & Services,Main Market,-21.71,1.780,-4.47,0.52,-9.15,126.20
5204,AWANTEC,AWANBIRU TECHNOLOGY BERHAD,Technology,Main Market,-1.82,0.198,-51.93,0.00,-9.21,745.72
2429,TANCO,TANCO HOLDINGS BERHAD,Property,Main Market,-1.16,0.124,-3.90,0.00,-9.31,57.56
6211,KIALIM,KIA LIM BERHAD,Industrial Products & Services,Main Market,-7.88,0.843,-4.38,0.00,-9.34,21.37
5165,DFCITY,HOCK HENG STONE INDUSTRIES BHD,Industrial Products & Services,Main Market,-5.82,0.620,-8.58,0.00,-9.40,44.00
0161,SCH,SCH GROUP BERHAD,Industrial Products & Services,Ace Market,-1.34,0.142,-7.11,0.00,-9.44,52.77
0018,LAMBO,LAMBO GROUP BERHAD,Technology,Ace Market,-0.52,0.054,-3.86,0.00,-9.55,93.01
7168,PRG,PRG HOLDINGS BERHAD,Consumer Products & Services,Main Market,-4.04,0.422,-5.94,0.00,-9.57,103.17
5205,SENDAI,EVERSENDAI CORPORATION BERHAD,Construction,Main Market,-10.20,1.060,-2.50,0.00,-9.62,199.18
9016,EKSONS,EKSONS CORPORATION BERHAD,Industrial Products & Services,Main Market,-23.71,2.440,-2.91,0.00,-9.72,113.31
5107,IQGROUP,IQ GROUP HOLDINGS BERHAD,Consumer Products & Services,Main Market,-13.86,1.410,-8.15,0.00,-9.83,99.47
0034,MMAG,MMAG HOLDINGS BERHAD,Technology,Ace Market,-1.42,0.143,-28.14,0.00,-9.95,445.42
5001,MIECO,MIECO CHIPBOARD BERHAD,Industrial Products & Services,Main Market,-5.87,0.590,-15.49,0.00,-9.96,477.75
4995,VERSATL,VERSATILE CREATIVE BERHAD,Industrial Products & Services,Main Market,-2.59,0.260,-27.80,0.00,-9.96,183.34
0177,PASUKGB,PASUKHAS GROUP BERHAD,Industrial Products & Services,Ace Market,-0.91,0.090,-4.97,0.00,-10.07,57.82
7579,AWC,AWC BERHAD,Industrial Products & Services,Main Market,-6.20,0.615,-7.34,1.10,-10.08,145.62
8192,MERCURY,MERCURY INDUSTRIES BERHAD,Construction,Main Market,-16.58,1.618,-4.95,0.00,-10.25,32.95
3417,E,EASTERN & ORIENTAL BERHAD,Property,Main Market,-12.64,1.230,-3.32,2.38,-10.28,611.92
0060,VC,VORTEX CONSOLIDATED BERHAD,Technology,Ace Market,-1.58,0.154,-11.05,0.00,-10.29,58.21
5533,OCB,OCB BERHAD,Consumer Products & Services,Main Market,-19.25,1.860,-3.43,0.00,-10.35,67.88
5932,BPURI,BINA PURI HOLDINGS BHD,Construction,Main Market,-3.25,0.314,-2.62,0.00,-10.36,73.99
8885,AVI,AVILLION BERHAD,Consumer Products & Services,Main Market,-2.21,0.212,-3.17,0.00,-10.42,66.11
7097,TAWIN,TA WIN HOLDINGS BERHAD,Industrial Products & Services,Main Market,-2.66,0.254,-6.95,0.00,-10.48,93.63
7132,SMISCOR,SMIS CORPORATION BERHAD,Industrial Products & Services,Main Market,-12.91,1.230,-4.96,0.00,-10.49,28.67
4715,GENM,GENTING MALAYSIA BERHAD,Consumer Products & Services,Main Market,-29.02,2.710,-9.48,7.27,-10.71,16329.62
0153,OVERSEA,OVERSEA ENTERPRISE BERHAD,Consumer Products & Services,Ace Market,-2.26,0.210,-17.25,0.00,-10.77,96.10
7053,SEEHUP,SEE HUP CONSOLIDATED BERHAD,Transportation & Logistics,Main Market,-9.87,0.901,-18.65,0.64,-10.95,147.98
5202,MSM,MSM MALAYSIA HOLDINGS BERHAD,Consumer Products & Services,Main Market,-23.86,2.170,-2.35,0.00,-11.00,393.67
5703,MUHIBAH,MUHIBBAH ENGINEERING (M) BHD,Construction,Main Market,-24.38,2.180,-3.61,2.84,-11.18,427.00
0147,INNITY,INNITY CORPORATION BERHAD,Telecommunications & Media,Ace Market,-2.59,0.227,-18.16,0.00,-11.41,65.38
0074,GOCEAN,GREEN OCEAN CORPORATION BERHAD,Consumer Products & Services,Ace Market,-0.62,0.054,-10.56,0.00,-11.51,82.09
0179,BIOHLDG,BIOALPHA HOLDINGS BERHAD,Consumer Products & Services,Ace Market,-1.81,0.157,-14.08,0.00,-11.51,283.17
0178,SEDANIA,SEDANIA INNOVATOR BERHAD,Telecommunications & Media,Ace Market,-1.51,0.128,-9.25,0.00,-11.79,42.31
6998,BINTAI,BINTAI KINDEN CORPORATION BERHAD,Industrial Products & Services,Main Market,-3.24,0.270,-17.28,0.00,-12.01,213.86
7007,ARK,ARK RESOURCES HOLDINGS BERHAD,Property,Main Market,-2.72,0.220,-14.68,0.00,-12.38,25.31
9083,JETSON,KUMPULAN JETSON BERHAD,Industrial Products & Services,Main Market,-4.44,0.357,-4.28,0.00,-12.45,44.21
4375,SMI,SOUTH MALAYSIA INDUSTRIES BERHAD,Property,Main Market,-9.25,0.740,-1.73,0.00,-12.50,33.59
5071,COASTAL,COASTAL CONTRACTS BHD,Energy,Main Market,-25.47,2.030,-2.89,0.00,-12.54,393.48
5009,WTHORSE,WHITE HORSE BERHAD,Industrial Products & Services,Main Market,-32.94,2.610,-1.99,0.00,-12.62,157.20
3018,OLYMPIA,OLYMPIA INDUSTRIES BERHAD,Consumer Products & Services,Main Market,-4.73,0.370,-1.90,0.00,-12.78,92.11
5649,GPHAROS,GOLDEN PHAROS BERHAD,Industrial Products & Services,Main Market,-6.65,0.520,-4.21,0.00,-12.79,38.30
0066,VSOLAR,VSOLAR GROUP BERHAD,Technology,Ace Market,-0.42,0.032,-7.20,0.00,-12.86,84.62
2259,TALAMT,TALAM TRANSFORM BERHAD,Property,Main Market,-1.06,0.080,-2.37,0.00,-13.16,107.38
6548,MPCORP,MALAYSIA PACIFIC CORPORATION BERHAD,Property,Main Market,-2.77,0.210,-6.31,0.00,-13.20,50.34
5016,WARISAN,WARISAN TC HOLDINGS BERHAD,Consumer Products & Services,Main Market,-58.77,4.400,-2.18,0.00,-13.36,86.02
5226,GBGAQRS,GABUNGAN AQRS BERHAD,Construction,Main Market,-12.10,0.900,-4.92,1.68,-13.45,294.28
0043,MTRONIC,METRONIC GLOBAL BERHAD,Industrial Products & Services,Main Market,-1.08,0.080,-7.89,0.00,-13.46,109.35
0156,MPAY,MANAGEPAY SYSTEMS BERHAD,Technology,Ace Market,-1.52,0.110,-10.22,0.00,-13.79,110.90
7020,YKGI,YKGI HOLDINGS BERHAD,Industrial Products & Services,Main Market,-1.80,0.130,-9.45,0.00,-13.84,71.54
7025,WOODLAN,WOODLANDOR HOLDINGS BHD,Industrial Products & Services,Main Market,-12.77,0.920,-6.38,1.84,-13.89,32.60
9687,IDEAL,IDEAL UNITED BINTANG INTERNATIONAL BERHAD,Property,Main Market,-14.36,1.034,-6.69,2.08,-13.89,446.46
1147,GOB,GLOBAL ORIENTAL BERHAD,Property,Main Market,-7.79,0.560,-4.37,0.00,-13.90,154.59
7191,ADVENTA,ADVENTA BERHAD,Health Care,Main Market,-5.88,0.420,-23.30,5.11,-14.00,209.32
5145,SEALINK,SEALINK INTERNATIONAL BERHAD,Transportation & Logistics,Main Market,-8.55,0.610,-1.99,0.00,-14.02,85.00
0081,MEGASUN,MEGA SUN CITY HOLDINGS BERHAD,Industrial Products & Services,Ace Market,-3.10,0.220,-4.52,0.00,-14.07,50.15
1287,PMHLDG,PAN MALAYSIA HOLDINGS BERHAD,Consumer Products & Services,Main Market,-0.46,0.033,-19.53,0.00,-14.14,83.60
7218,TOCEAN,TRANSOCEAN HOLDINGS BHD,Transportation & Logistics,Main Market,-12.43,0.870,-8.93,0.00,-14.28,45.51
2925,CCB,CYCLE & CARRIAGE BINTANG BERHAD,Consumer Products & Services,Main Market,-33.89,2.350,-4.87,0.00,-14.42,166.23
5260,OWG,ONLY WORLD GROUP HOLDINGS BERHAD,Consumer Products & Services,Main Market,-10.83,0.750,-2.91,0.00,-14.44,125.73
7211,TAFI,TAFI INDUSTRIES BERHAD,Consumer Products & Services,Main Market,-6.83,0.470,-8.93,0.00,-14.53,48.80
7206,THHEAVY,TH HEAVY ENGINEERING BERHAD,Energy,Main Market,-0.38,0.025,-23.92,0.00,-14.93,199.90
9601,HWGB,HO WAH GENTING BERHAD,Industrial Products & Services,Main Market,-1.20,0.080,-50.58,0.00,-14.95,331.68
7241,NGGB,NEXTGREEN GLOBAL BERHAD,Industrial Products & Services,Main Market,-3.49,0.230,-11.17,0.00,-15.18,235.67
5062,HUAYANG,HUA YANG BERHAD,Property,Main Market,-21.26,1.400,-1.22,0.00,-15.18,91.52
5173,SYSCORP,SHIN YANG SHIPPING CORPORATION BERHAD,Transportation & Logistics,Main Market,-11.98,0.780,-2.80,0.00,-15.36,402.00
7219,MINETEC,MINETECH RESOURCES BERHAD,Industrial Products & Services,Main Market,-1.26,0.080,-13.09,0.00,-15.76,192.33
9377,FSBM,FSBM HOLDINGS BERHAD,Technology,Main Market,-0.47,0.030,-29.57,0.00,-15.78,19.78
5085,MUDAJYA,MUDAJAYA GROUP BERHAD,Construction,Main Market,-3.65,0.230,-7.12,0.00,-15.87,168.70
8311,PESONA,PESONA METRO HOLDINGS BERHAD,Construction,Main Market,-3.63,0.223,-6.34,4.35,-16.26,159.85
0165,XOX,XOX BHD,Telecommunications & Media,Ace Market,-1.39,0.085,-6.12,0.00,-16.30,320.21
5190,BENALEC,BENALEC HOLDINGS BERHAD,Construction,Main Market,-9.65,0.590,-1.40,0.00,-16.36,116.34
9776,SMCAP,SINMAH CAPITAL BERHAD,Consumer Products & Services,Main Market,-6.19,0.375,-6.86,0.00,-16.53,124.15
0095,MAG,MAG HOLDINGS BERHAD,Consumer Products & Services,Ace Market,-12.47,0.750,-1.56,0.00,-16.63,141.23
7188,BTM,BTM RESOURCES BERHAD,Industrial Products & Services,Main Market,-2.35,0.140,-9.79,0.00,-16.77,35.76
5025,NWP,NWP HOLDINGS BERHAD,Industrial Products & Services,Main Market,-1.15,0.068,-17.89,0.00,-16.85,97.30
0152,DGB,DGB ASIA BERHAD,Technology,Ace Market,-0.87,0.050,-11.52,0.00,-17.36,111.66
4634,POS,POS MALAYSIA BERHAD,Transportation & Logistics,Main Market,-31.53,1.760,-3.16,0.00,-17.91,778.86
0122,AIM,ADVANCE INFORMATION MARKETING BERHAD,Industrial Products & Services,Ace Market,-1.38,0.075,-21.78,0.00,-18.34,79.82
0038,ARTRONIQ,ARTRONIQ BERHAD,Industrial Products & Services,Ace Market,-2.19,0.119,-33.50,0.00,-18.49,212.37
9814,BERTAM,BERTAM ALLIANCE BERHAD,Property,Main Market,-14.10,0.750,-0.99,0.00,-18.80,28.95
0082,GPACKET,GREEN PACKET BERHAD,Telecommunications & Media,Main Market,-6.78,0.360,-5.68,0.00,-18.84,448.30
5186,MHB,MALAYSIA MARINE AND HEAVY ENGINEERING HOLDINGS BERHAD,Energy,Main Market,-24.80,1.226,-1.71,0.00,-20.24,680.00
5115,ALAM,ALAM MARITIM RESOURCES BERHAD,Energy,Main Market,-7.09,0.350,-1.27,0.00,-20.25,123.20
0129,SRIDGE,SILVER RIDGE HOLDINGS BHD,Telecommunications & Media,Ace Market,-1.01,0.050,-76.54,0.00,-20.25,122.39
0148,SUNZEN,SUNZEN BIOTECH BERHAD,Consumer Products & Services,Ace Market,-3.25,0.160,-6.15,0.00,-20.33,107.11
0145,TFP,TFP SOLUTIONS BERHAD,Technology,Ace Market,-0.76,0.037,-22.30,0.00,-20.66,81.61
0174,IDMENSN,IDIMENSION CONSOLIDATED BHD,Technology,Ace Market,-1.04,0.050,-7.70,0.00,-20.77,21.76
0173,REV,REV ASIA BERHAD,Telecommunications & Media,Ace Market,-0.83,0.040,-26.42,0.00,-20.82,29.62
7315,AHB,AHB HOLDINGS BERHAD,Consumer Products & Services,Main Market,-2.55,0.118,-5.87,0.00,-21.65,38.96
5166,MINDA,MINDA GLOBAL BERHAD,Consumer Products & Services,Main Market,-3.12,0.140,-1.60,0.00,-22.25,62.00
0028,SCOPE,SCOPE INDUSTRIES BERHAD,Industrial Products & Services,Ace Market,-3.48,0.154,-8.76,0.00,-22.54,234.58
0118,TRIVE,TRIVE PROPERTY GROUP BERHAD,Technology,Main Market,-0.46,0.020,-38.83,0.00,-23.18,189.54
7223,JADI,JADI IMAGING HOLDINGS BERHAD,Consumer Products & Services,Main Market,-2.62,0.110,-3.63,0.00,-23.78,98.42
5082,CYMAO,CYMAO HOLDINGS BERHAD,Industrial Products & Services,Main Market,-13.57,0.570,-12.75,0.00,-23.81,129.75
5657,PARKSON,PARKSON HOLDINGS BERHAD,Consumer Products & Services,Main Market,-36.97,1.520,-0.42,0.00,-24.32,169.56
6254,PDZ,PDZ HOLDINGS BHD,Transportation & Logistics,Main Market,-1.12,0.046,-5.82,0.00,-24.34,65.73
0140,MACPIE,MACPIE BERHAD,Consumer Products & Services,Ace Market,-2.69,0.110,-12.27,0.00,-24.44,116.59
7240,VERTICE,VERTICE BERHAD,Consumer Products & Services,Main Market,-11.24,0.450,-2.14,0.00,-24.97,63.84
8435,CEPCO,CONCRETE ENGINEERING PRODUCTS BERHAD,Industrial Products & Services,Main Market,-25.76,1.020,-2.72,0.00,-25.25,52.24
0051,CUSCAPI,CUSCAPI BERHAD,Technology,Main Market,-2.13,0.084,-9.63,0.00,-25.35,176.15
4502,MEDIA,MEDIA PRIMA BERHAD,Telecommunications & Media,Main Market,-12.77,0.503,-3.13,0.00,-25.39,443.68
0005,UCREST,UCREST BERHAD,Technology,Ace Market,-1.53,0.060,-9.81,0.00,-25.49,85.04
5172,KSTAR,K-STAR SPORTS LIMITED,Consumer Products & Services,Main Market,-1.45,0.057,-7.24,0.00,-25.50,51.87
4235,LIONIND,LION INDUSTRIES CORPORATION BERHAD,Industrial Products & Services,Main Market,-45.70,1.790,-1.48,0.00,-25.53,484.59
5259,EATECH,E.A.TECHNIQUE (M) BERHAD,Transportation & Logistics,Main Market,-10.09,0.390,-2.33,0.00,-25.88,124.67
7234,MESB,MESB BERHAD,Consumer Products & Services,Main Market,-18.72,0.710,-2.38,0.00,-26.36,47.21
5112,THPLANT,TH PLANTATIONS BERHAD,Plantation,Main Market,-17.57,0.660,-2.82,0.00,-26.61,437.51
5256,REACH,REACH ENERGY BERHAD,Energy,Main Market,-14.50,0.530,-0.66,0.00,-27.35,104.16
0117,SMRT,SMRT HOLDINGS BERHAD,Technology,Ace Market,-7.14,0.250,-1.61,0.00,-28.59,51.47
5213,SNTORIA,SENTORIA GROUP BERHAD,Property,Main Market,-19.23,0.670,-0.65,0.00,-28.70,70.91
7123,PWORTH,PRICEWORTH INTERNATIONAL BERHAD,Industrial Products & Services,Main Market,-1.45,0.050,-1.38,0.00,-29.09,90.09
4243,WTK,WTK HOLDINGS BERHAD,Industrial Products & Services,Main Market,-50.64,1.710,-0.86,2.30,-29.61,209.39
7176,TPC,TPC PLUS BERHAD,Consumer Products & Services,Main Market,-8.71,0.290,-2.64,0.00,-30.05,70.89
0092,MTOUCHE,MTOUCHE TECHNOLOGY BERHAD,Telecommunications & Media,Ace Market,-2.28,0.075,-1.75,0.00,-30.38,52.96
6076,ENCORP,ENCORP BERHAD,Property,Main Market,-28.31,0.930,-0.64,0.00,-30.44,57.00
8745,S,LEWEKO RESOURCES BERHAD,Industrial Products & Services,Main Market,-3.10,0.100,-4.20,0.00,-30.97,71.55
5924,MTDACPI,MTD ACPI ENGINEERING BERHAD,Construction,Main Market,-8.10,0.260,-3.27,0.00,-31.15,61.38
7239,SCNWOLF,SCANWOLF CORPORATION BERHAD,Industrial Products & Services,Main Market,-10.72,0.340,-2.38,0.00,-31.54,26.97
0132,TDEX,TECHNODEX BHD,Technology,Ace Market,-1.31,0.040,-17.93,0.00,-32.78,180.27
0070,MQTECH,MQ TECHNOLOGY BERHAD,Technology,Ace Market,-1.65,0.050,-6.35,0.00,-33.07,76.71
7253,HANDAL,HANDAL ENERGY BERHAD,Energy,Main Market,-12.37,0.360,-2.06,0.00,-34.36,55.80
7192,GIIB,GIIB HOLDINGS BERHAD,Industrial Products & Services,Main Market,-3.13,0.090,-12.00,0.00,-34.72,136.10
0017,M3TECH,M3 TECHNOLOGIES (ASIA) BERHAD,Telecommunications & Media,Ace Market,-1.02,0.029,-4.43,0.00,-35.15,34.82
0007,PUC,PUC BERHAD,Telecommunications & Media,Ace Market,-11.73,0.329,-1.11,0.00,-35.63,96.27
3441,JOHAN,JOHAN HOLDINGS BERHAD,Financial Services,Main Market,-2.19,0.061,-7.77,0.00,-35.94,132.38
2771,BSTEAD,BOUSTEAD HOLDINGS BERHAD,Industrial Products & Services,Main Market,-65.33,1.740,-0.88,0.00,-37.55,1165.52
7195,COMCORP,COMINTEL CORPORATION BHD,Industrial Products & Services,Main Market,-3.16,0.081,-4.43,0.00,-38.81,19.60
7184,G3,G3 GLOBAL BERHAD,Consumer Products & Services,Main Market,-2.81,0.070,-63.01,0.00,-40.13,871.35
7013,HUBLINE,HUBLINE BERHAD,Transportation & Logistics,Main Market,-1.61,0.040,-2.80,0.00,-40.22,175.50
7245,WZSATU,WZ SATU BERHAD,Industrial Products & Services,Main Market,-7.88,0.190,-2.35,0.00,-41.46,94.66
7081,PHARMA,PHARMANIAGA BERHAD,Health Care,Main Market,-55.32,1.320,-8.75,2.07,-41.91,1266.66
5218,SAPNRG,SAPURA ENERGY BERHAD,Energy,Main Market,-26.16,0.580,-0.52,0.00,-45.10,2157.18
7078,AZRB,AHMAD ZAKI RESOURCES BERHAD,Construction,Main Market,-25.36,0.540,-0.95,0.00,-46.96,143.50
0096,NEXGRAM,NEXGRAM HOLDINGS BERHAD,Telecommunications & Media,Ace Market,-2.35,0.049,-1.70,0.00,-48.24,109.65
9393,ITRONIC,INDUSTRONICS BERHAD,Technology,Main Market,-3.46,0.070,-5.06,0.00,-49.44,23.35
8338,DATAPRP,DATAPREP HOLDINGS BHD,Technology,Main Market,-1.49,0.030,-16.80,0.00,-49.59,150.65
0154,EAH,EA HOLDINGS BERHAD,Technology,Ace Market,-1.00,0.020,-3.50,0.00,-49.95,177.53
5079,GETS,GETS GLOBAL BERHAD,Consumer Products & Services,Main Market,-7.73,0.150,-27.05,0.00,-51.50,593.56
0022,PARLO,PARLO BERHAD,Consumer Products & Services,Ace Market,-1.59,0.030,-18.87,0.00,-53.00,120.13
5142,WASEONG,WAH SEONG CORPORATION BERHAD,Energy,Main Market,-46.52,0.850,-1.50,0.57,-54.73,542.42
5178,DYNACIA,DYNACIATE GROUP BERHAD,Industrial Products & Services,Main Market,-3.08,0.056,-3.89,0.00,-54.95,70.93
0075,LYC,LYC HEALTHCARE BERHAD,Health Care,Ace Market,-3.14,0.050,-7.97,0.00,-62.71,92.06
0020,NETX,NETX HOLDINGS BERHAD,Technology,Ace Market,-1.89,0.030,-6.10,0.00,-62.84,96.14
8133,BHIC,BOUSTEAD HEAVY INDUSTRIES CORPORATION BHD,Transportation & Logistics,Main Market,-38.09,0.560,-1.43,0.00,-68.01,135.41
0143,KEYASIC,KEY ASIC BERHAD,Technology,Main Market,-1.57,0.022,-6.05,0.00,-69.81,111.45
5665,SSTEEL,SOUTHERN STEEL BERHAD,Industrial Products & Services,Main Market,-75.40,1.080,-0.95,0.00,-69.81,426.36
0085,MLAB,MLABS SYSTEMS BERHAD,Technology,Ace Market,-3.48,0.045,-1.72,0.00,-77.34,56.22
5195,CENSOF,CENSOF HOLDINGS BERHAD,Technology,Main Market,-11.60,0.144,-2.28,0.00,-80.83,132.97
7212,DESTINI,DESTINI BERHAD,Industrial Products & Services,Main Market,-17.34,0.211,-1.30,0.00,-82.32,343.19
8834,IREKA,IREKA CORPORATION BERHAD,Construction,Main Market,-26.50,0.320,-1.28,0.00,-82.81,63.48
5157,SAUDEE,SAUDEE GROUP BERHAD,Consumer Products & Services,Main Market,-18.96,0.225,-1.69,0.00,-84.10,51.61
5149,TAS,TAS OFFSHORE BERHAD,Transportation & Logistics,Main Market,-43.71,0.497,-0.54,0.00,-87.97,42.30
5270,RSENA,RED SENA BERHAD,SPAC,Main Market,-1.58,0.017,-32.02,0.00,-92.76,505.00
5673,IPMUDA,IPMUDA BERHAD,Industrial Products & Services,Main Market,-42.34,0.436,-2.36,0.00,-97.12,79.64
8931,JERASIA,JERASIA CAPITAL BERHAD,Consumer Products & Services,Main Market,-102.96,1.040,-0.34,0.00,-99.00,28.31
7045,SCOMIES,SCOMI ENERGY SERVICES BHD,Energy,Main Market,-43.76,0.440,-0.18,0.00,-99.45,37.47
3891,MUIIND,MALAYAN UNITED INDUSTRIES BERHAD,Consumer Products & Services,Main Market,-6.59,0.064,-1.37,0.00,-103.60,263.93
0068,ASDION,ASDION BERHAD,Technology,Ace Market,-3.66,0.033,-12.99,0.00,-111.12,60.75
0107,EDUSPEC,EDUSPEC HOLDINGS BERHAD,Technology,Ace Market,-3.42,0.027,-0.73,0.00,-126.78,48.72
7243,IMPIANA,IMPIANA HOTELS BERHAD,Consumer Products & Services,Main Market,-11.83,0.045,-0.59,0.00,-131.49,73.24
0098,BAHVEST,BAHVEST RESOURCES BERHAD,Consumer Products & Services,Ace Market,-14.39,0.102,-3.61,0.00,-140.79,640.61
2739,TECHNAX,TECHNA-X BERHAD,Energy,Main Market,-16.32,0.100,-1.10,0.00,-163.18,279.97
5099,AIRASIA,AIRASIA GROUP BERHAD,Consumer Products & Services,Main Market,-90.75,0.350,-0.86,0.00,-259.30,2623.45
5268,TOPBLDS,TOP BUILDERS CAPITAL BERHAD,Construction,Main Market,-12.28,0.030,-0.73,0.00,-409.49,52.95
0175,HHGROUP,HENG HUAT RESOURCES GROUP BERHAD,Industrial Products & Services,Ace Market,-44.22,0.088,-1.02,0.00,-502.49,41.61
